{"options":{"check_for_updates":true,"user_modified":1719184923265,"comment":null,"compatopts_for_requires":true,"compat_wrappedjsobject":false,"compat_metadata":false,"compat_foreach":false,"compat_powerful_this":null,"sandbox":null,"noframes":null,"unwrap":null,"run_at":null,"run_in":null,"tags":[],"override":{"use_includes":[],"orig_includes":[],"merge_includes":true,"use_matches":[],"orig_matches":["https://twitter.com/*","https://x.com/*","https://tweetdeck.twitter.com/*","https://tweetdeck.x.com/*","http://twittervideodownloader.com/?url=*","https://www.savetweetvid.com/?url=*","https://twdown.net/?url=*","https://twittervideodownloader.online/?url=*"],"merge_matches":true,"use_excludes":[],"orig_excludes":[],"merge_excludes":true,"use_connects":[],"orig_connects":[],"merge_connects":true,"use_blockers":[],"orig_run_at":"document-end","orig_noframes":null,"orig_run_in":[]}},"settings":{"enabled":false,"position":11},"meta":{"name":"Dowload Twitter Videos","uuid":"0148c8ad-6c20-4694-96a3-b16d6b5fe0be","modified":1719184923265}}