{"options":{"check_for_updates":true,"user_modified":null,"comment":null,"compatopts_for_requires":true,"compat_wrappedjsobject":false,"compat_metadata":false,"compat_foreach":false,"compat_powerful_this":null,"sandbox":null,"noframes":null,"unwrap":null,"run_at":null,"run_in":null,"tags":[],"override":{"use_includes":[],"orig_includes":[],"merge_includes":true,"use_matches":[],"orig_matches":["*://*/*"],"merge_matches":true,"use_excludes":[],"orig_excludes":[],"merge_excludes":true,"use_connects":[],"merge_connects":true,"use_blockers":[],"orig_run_at":"document-idle","orig_noframes":null,"orig_run_in":[]}},"settings":{"enabled":false,"position":6},"meta":{"name":"ShowURLLocationToConsole","uuid":"ea9317a3-fa15-4bb2-b090-8e13941e29bf","modified":1569952189054,"file_url":"https://danamw.github.io/jscripts/scripts/ShowURLLocationToConsole.user.js"}}