{"options":{"check_for_updates":true,"comment":null,"compatopts_for_requires":true,"compat_wrappedjsobject":false,"compat_metadata":false,"compat_foreach":false,"compat_prototypes":false,"noframes":null,"run_at":null,"override":{"use_includes":[],"orig_includes":["https://twitter.com/*","https://tweetdeck.twitter.com/*","http://twittervideodownloader.com/?url=*","https://www.savetweetvid.com/?url=*","https://twdown.net/?url=*","https://twittervideodownloader.online/?url=*"],"merge_includes":true,"use_matches":[],"orig_matches":[],"merge_matches":true,"use_excludes":[],"orig_excludes":[],"merge_excludes":true,"use_connects":[],"merge_connects":true,"use_blockers":[],"orig_run_at":"document-end","orig_noframes":null}},"settings":{"enabled":true,"position":15},"meta":{"name":"Dowload Twitter Videos","uuid":"5c3a0359-ebf3-43a4-8ba0-e1a0e46d1013","modified":1589872173282,"file_url":"https://greasyfork.org/scripts/382640-dowload-twitter-videos/code/Dowload%20Twitter%20Videos.user.js"}}