﻿<?xml version="1.0" encoding="utf-8"?>
<helpItems schema="maml">

<command:command xmlns:maml="http://schemas.microsoft.com/maml/2004/10" xmlns:command="http://schemas.microsoft.com/maml/dev/command/2004/10" xmlns:dev="http://schemas.microsoft.com/maml/dev/2004/10" xmlns:MSHelp="http://msdn.microsoft.com/mshelp">
<command:details><command:name>Compress-Archive</command:name>
<command:verb>Compress</command:verb>
<command:noun>Archive</command:noun>
<maml:description><maml:para>Creates an archive, or zipped file, from specified files and folders.
</maml:para>
</maml:description>
</command:details>
<maml:description><maml:para>The Compress-Archive cmdlet creates a zipped (or compressed) archive file from one or more specified files or folders. An archive file allows multiple files to be packaged, and optionally compressed, into a single zipped file for easier distribution and storage. An archive file can be compressed by using the compression algorithm specified by the CompressionLevel parameter.
</maml:para>
<maml:para>Because Compress-Archive relies upon the Microsoft .NET Framework API System.IO.Compression.ZipArchive to compress files, the maximum file size that you can compress by using Compress-Archive is currently 2 GB. This is a limitation of the underlying API.
</maml:para>
</maml:description>
<command:syntax><command:syntaxItem><maml:name>Compress-Archive</maml:name>
<command:parameter required="true" variableLength="true" globbing="false" pipelineInput="True (ByPropertyName, ByValue)" position="0" aliases="none"><maml:name>Path</maml:name>
<maml:Description><maml:para>Specifies the path or paths to the files that you want to add to the archive zipped file. This parameter can accept wildcard characters. Wildcard characters allow you to add all files in a folder to your zipped archive file. To specify multiple paths, and include files in multiple locations in your output zipped file, use commas to separate the paths.
</maml:para>
</maml:Description>
<command:parameterValue required="true" variableLength="false">String[]</command:parameterValue>
<dev:type><maml:name>String[]</maml:name>
<maml:uri /></dev:type>
<dev:defaultValue>None</dev:defaultValue>
</command:parameter>
<command:parameter required="true" variableLength="true" globbing="false" pipelineInput="False" position="1" aliases="none"><maml:name>DestinationPath</maml:name>
<maml:Description><maml:para>Specifies the path to the archive output file. This parameter is required. The specified DestinationPath value should include the desired name of the output zipped file; it specifies either the absolute or relative path to the zipped file. If the file name specified in DestinationPath does not have a .zip file name extension, the cmdlet adds a .zip file name extension.
</maml:para>
</maml:Description>
<command:parameterValue required="true" variableLength="false">String</command:parameterValue>
<dev:type><maml:name>String</maml:name>
<maml:uri /></dev:type>
<dev:defaultValue>None</dev:defaultValue>
</command:parameter>
<command:parameter required="false" variableLength="true" globbing="false" pipelineInput="False" position="named" aliases="none"><maml:name>CompressionLevel</maml:name>
<maml:Description><maml:para>Specifies how much compression to apply when you are creating the archive file. Faster compression requires less time to create the file, but can result in larger file sizes. The acceptable values for this parameter are:
</maml:para>
<maml:para>- Fastest. Use the fastest compression method available to decrease processing time; this can result in larger file sizes.  - NoCompression. Do not compress the source files.  - Optimal. Processing time is dependent on file size.
</maml:para>
<maml:para>If this parameter is not specified, the command uses the default value, Optimal.
</maml:para>
</maml:Description>
<command:parameterValueGroup><command:parameterValue required="false" variableLength="false">Optimal</command:parameterValue>
<command:parameterValue required="false" variableLength="false">NoCompression</command:parameterValue>
<command:parameterValue required="false" variableLength="false">Fastest</command:parameterValue>
</command:parameterValueGroup>
<command:parameterValue required="true" variableLength="false">String</command:parameterValue>
<dev:type><maml:name>String</maml:name>
<maml:uri /></dev:type>
<dev:defaultValue>None</dev:defaultValue>
</command:parameter>
<command:parameter required="false" variableLength="true" globbing="false" pipelineInput="False" position="named" aliases="cf"><maml:name>Confirm</maml:name>
<maml:Description><maml:para>Prompts you for confirmation before running the cmdlet.
</maml:para>
</maml:Description>
<dev:type><maml:name>SwitchParameter</maml:name>
<maml:uri /></dev:type>
<dev:defaultValue>False</dev:defaultValue>
</command:parameter>
<command:parameter required="true" variableLength="true" globbing="false" pipelineInput="False" position="named" aliases="none"><maml:name>Force</maml:name>
<maml:Description><maml:para>@{Text=}
</maml:para>
</maml:Description>
<dev:type><maml:name>SwitchParameter</maml:name>
<maml:uri /></dev:type>
<dev:defaultValue>False</dev:defaultValue>
</command:parameter>
<command:parameter required="false" variableLength="true" globbing="false" pipelineInput="False" position="named" aliases="wi"><maml:name>WhatIf</maml:name>
<maml:Description><maml:para>Shows what would happen if the cmdlet runs. The cmdlet is not run.
</maml:para>
</maml:Description>
<dev:type><maml:name>SwitchParameter</maml:name>
<maml:uri /></dev:type>
<dev:defaultValue>False</dev:defaultValue>
</command:parameter>
</command:syntaxItem>
<command:syntaxItem><maml:name>Compress-Archive</maml:name>
<command:parameter required="true" variableLength="true" globbing="false" pipelineInput="False" position="1" aliases="none"><maml:name>DestinationPath</maml:name>
<maml:Description><maml:para>Specifies the path to the archive output file. This parameter is required. The specified DestinationPath value should include the desired name of the output zipped file; it specifies either the absolute or relative path to the zipped file. If the file name specified in DestinationPath does not have a .zip file name extension, the cmdlet adds a .zip file name extension.
</maml:para>
</maml:Description>
<command:parameterValue required="true" variableLength="false">String</command:parameterValue>
<dev:type><maml:name>String</maml:name>
<maml:uri /></dev:type>
<dev:defaultValue>None</dev:defaultValue>
</command:parameter>
<command:parameter required="false" variableLength="true" globbing="false" pipelineInput="False" position="named" aliases="none"><maml:name>CompressionLevel</maml:name>
<maml:Description><maml:para>Specifies how much compression to apply when you are creating the archive file. Faster compression requires less time to create the file, but can result in larger file sizes. The acceptable values for this parameter are:
</maml:para>
<maml:para>- Fastest. Use the fastest compression method available to decrease processing time; this can result in larger file sizes.  - NoCompression. Do not compress the source files.  - Optimal. Processing time is dependent on file size.
</maml:para>
<maml:para>If this parameter is not specified, the command uses the default value, Optimal.
</maml:para>
</maml:Description>
<command:parameterValueGroup><command:parameterValue required="false" variableLength="false">Optimal</command:parameterValue>
<command:parameterValue required="false" variableLength="false">NoCompression</command:parameterValue>
<command:parameterValue required="false" variableLength="false">Fastest</command:parameterValue>
</command:parameterValueGroup>
<command:parameterValue required="true" variableLength="false">String</command:parameterValue>
<dev:type><maml:name>String</maml:name>
<maml:uri /></dev:type>
<dev:defaultValue>None</dev:defaultValue>
</command:parameter>
<command:parameter required="false" variableLength="true" globbing="false" pipelineInput="False" position="named" aliases="cf"><maml:name>Confirm</maml:name>
<maml:Description><maml:para>Prompts you for confirmation before running the cmdlet.
</maml:para>
</maml:Description>
<dev:type><maml:name>SwitchParameter</maml:name>
<maml:uri /></dev:type>
<dev:defaultValue>False</dev:defaultValue>
</command:parameter>
<command:parameter required="true" variableLength="true" globbing="false" pipelineInput="False" position="named" aliases="none"><maml:name>Force</maml:name>
<maml:Description><maml:para>@{Text=}
</maml:para>
</maml:Description>
<dev:type><maml:name>SwitchParameter</maml:name>
<maml:uri /></dev:type>
<dev:defaultValue>False</dev:defaultValue>
</command:parameter>
<command:parameter required="true" variableLength="true" globbing="false" pipelineInput="True (ByPropertyName)" position="named" aliases="PSPath"><maml:name>LiteralPath</maml:name>
<maml:Description><maml:para>Specifies the path or paths to the files that you want to add to the archive zipped file. Unlike the Path parameter, the value of LiteralPath is used exactly as it is typed. No characters are interpreted as wildcards. If the path includes escape characters, enclose each escape character in single quotation marks, to instruct Windows PowerShell not to interpret any characters as escape sequences. To specify multiple paths, and include files in multiple locations in your output zipped file, use commas to separate the paths.
</maml:para>
</maml:Description>
<command:parameterValue required="true" variableLength="false">String[]</command:parameterValue>
<dev:type><maml:name>String[]</maml:name>
<maml:uri /></dev:type>
<dev:defaultValue>None</dev:defaultValue>
</command:parameter>
<command:parameter required="false" variableLength="true" globbing="false" pipelineInput="False" position="named" aliases="wi"><maml:name>WhatIf</maml:name>
<maml:Description><maml:para>Shows what would happen if the cmdlet runs. The cmdlet is not run.
</maml:para>
</maml:Description>
<dev:type><maml:name>SwitchParameter</maml:name>
<maml:uri /></dev:type>
<dev:defaultValue>False</dev:defaultValue>
</command:parameter>
</command:syntaxItem>
<command:syntaxItem><maml:name>Compress-Archive</maml:name>
<command:parameter required="true" variableLength="true" globbing="false" pipelineInput="False" position="1" aliases="none"><maml:name>DestinationPath</maml:name>
<maml:Description><maml:para>Specifies the path to the archive output file. This parameter is required. The specified DestinationPath value should include the desired name of the output zipped file; it specifies either the absolute or relative path to the zipped file. If the file name specified in DestinationPath does not have a .zip file name extension, the cmdlet adds a .zip file name extension.
</maml:para>
</maml:Description>
<command:parameterValue required="true" variableLength="false">String</command:parameterValue>
<dev:type><maml:name>String</maml:name>
<maml:uri /></dev:type>
<dev:defaultValue>None</dev:defaultValue>
</command:parameter>
<command:parameter required="false" variableLength="true" globbing="false" pipelineInput="False" position="named" aliases="none"><maml:name>CompressionLevel</maml:name>
<maml:Description><maml:para>Specifies how much compression to apply when you are creating the archive file. Faster compression requires less time to create the file, but can result in larger file sizes. The acceptable values for this parameter are:
</maml:para>
<maml:para>- Fastest. Use the fastest compression method available to decrease processing time; this can result in larger file sizes.  - NoCompression. Do not compress the source files.  - Optimal. Processing time is dependent on file size.
</maml:para>
<maml:para>If this parameter is not specified, the command uses the default value, Optimal.
</maml:para>
</maml:Description>
<command:parameterValueGroup><command:parameterValue required="false" variableLength="false">Optimal</command:parameterValue>
<command:parameterValue required="false" variableLength="false">NoCompression</command:parameterValue>
<command:parameterValue required="false" variableLength="false">Fastest</command:parameterValue>
</command:parameterValueGroup>
<command:parameterValue required="true" variableLength="false">String</command:parameterValue>
<dev:type><maml:name>String</maml:name>
<maml:uri /></dev:type>
<dev:defaultValue>None</dev:defaultValue>
</command:parameter>
<command:parameter required="false" variableLength="true" globbing="false" pipelineInput="False" position="named" aliases="cf"><maml:name>Confirm</maml:name>
<maml:Description><maml:para>Prompts you for confirmation before running the cmdlet.
</maml:para>
</maml:Description>
<dev:type><maml:name>SwitchParameter</maml:name>
<maml:uri /></dev:type>
<dev:defaultValue>False</dev:defaultValue>
</command:parameter>
<command:parameter required="true" variableLength="true" globbing="false" pipelineInput="True (ByPropertyName)" position="named" aliases="PSPath"><maml:name>LiteralPath</maml:name>
<maml:Description><maml:para>Specifies the path or paths to the files that you want to add to the archive zipped file. Unlike the Path parameter, the value of LiteralPath is used exactly as it is typed. No characters are interpreted as wildcards. If the path includes escape characters, enclose each escape character in single quotation marks, to instruct Windows PowerShell not to interpret any characters as escape sequences. To specify multiple paths, and include files in multiple locations in your output zipped file, use commas to separate the paths.
</maml:para>
</maml:Description>
<command:parameterValue required="true" variableLength="false">String[]</command:parameterValue>
<dev:type><maml:name>String[]</maml:name>
<maml:uri /></dev:type>
<dev:defaultValue>None</dev:defaultValue>
</command:parameter>
<command:parameter required="true" variableLength="true" globbing="false" pipelineInput="False" position="named" aliases="none"><maml:name>Update</maml:name>
<maml:Description><maml:para>Updates the specified archive by replacing older versions of files in the archive with newer versions of files that have the same names. You can also add this parameter to add files to an existing archive.
</maml:para>
</maml:Description>
<dev:type><maml:name>SwitchParameter</maml:name>
<maml:uri /></dev:type>
<dev:defaultValue>False</dev:defaultValue>
</command:parameter>
<command:parameter required="false" variableLength="true" globbing="false" pipelineInput="False" position="named" aliases="wi"><maml:name>WhatIf</maml:name>
<maml:Description><maml:para>Shows what would happen if the cmdlet runs. The cmdlet is not run.
</maml:para>
</maml:Description>
<dev:type><maml:name>SwitchParameter</maml:name>
<maml:uri /></dev:type>
<dev:defaultValue>False</dev:defaultValue>
</command:parameter>
</command:syntaxItem>
<command:syntaxItem><maml:name>Compress-Archive</maml:name>
<command:parameter required="true" variableLength="true" globbing="false" pipelineInput="False" position="1" aliases="none"><maml:name>DestinationPath</maml:name>
<maml:Description><maml:para>Specifies the path to the archive output file. This parameter is required. The specified DestinationPath value should include the desired name of the output zipped file; it specifies either the absolute or relative path to the zipped file. If the file name specified in DestinationPath does not have a .zip file name extension, the cmdlet adds a .zip file name extension.
</maml:para>
</maml:Description>
<command:parameterValue required="true" variableLength="false">String</command:parameterValue>
<dev:type><maml:name>String</maml:name>
<maml:uri /></dev:type>
<dev:defaultValue>None</dev:defaultValue>
</command:parameter>
<command:parameter required="false" variableLength="true" globbing="false" pipelineInput="False" position="named" aliases="none"><maml:name>CompressionLevel</maml:name>
<maml:Description><maml:para>Specifies how much compression to apply when you are creating the archive file. Faster compression requires less time to create the file, but can result in larger file sizes. The acceptable values for this parameter are:
</maml:para>
<maml:para>- Fastest. Use the fastest compression method available to decrease processing time; this can result in larger file sizes.  - NoCompression. Do not compress the source files.  - Optimal. Processing time is dependent on file size.
</maml:para>
<maml:para>If this parameter is not specified, the command uses the default value, Optimal.
</maml:para>
</maml:Description>
<command:parameterValueGroup><command:parameterValue required="false" variableLength="false">Optimal</command:parameterValue>
<command:parameterValue required="false" variableLength="false">NoCompression</command:parameterValue>
<command:parameterValue required="false" variableLength="false">Fastest</command:parameterValue>
</command:parameterValueGroup>
<command:parameterValue required="true" variableLength="false">String</command:parameterValue>
<dev:type><maml:name>String</maml:name>
<maml:uri /></dev:type>
<dev:defaultValue>None</dev:defaultValue>
</command:parameter>
<command:parameter required="false" variableLength="true" globbing="false" pipelineInput="False" position="named" aliases="cf"><maml:name>Confirm</maml:name>
<maml:Description><maml:para>Prompts you for confirmation before running the cmdlet.
</maml:para>
</maml:Description>
<dev:type><maml:name>SwitchParameter</maml:name>
<maml:uri /></dev:type>
<dev:defaultValue>False</dev:defaultValue>
</command:parameter>
<command:parameter required="true" variableLength="true" globbing="false" pipelineInput="True (ByPropertyName)" position="named" aliases="PSPath"><maml:name>LiteralPath</maml:name>
<maml:Description><maml:para>Specifies the path or paths to the files that you want to add to the archive zipped file. Unlike the Path parameter, the value of LiteralPath is used exactly as it is typed. No characters are interpreted as wildcards. If the path includes escape characters, enclose each escape character in single quotation marks, to instruct Windows PowerShell not to interpret any characters as escape sequences. To specify multiple paths, and include files in multiple locations in your output zipped file, use commas to separate the paths.
</maml:para>
</maml:Description>
<command:parameterValue required="true" variableLength="false">String[]</command:parameterValue>
<dev:type><maml:name>String[]</maml:name>
<maml:uri /></dev:type>
<dev:defaultValue>None</dev:defaultValue>
</command:parameter>
<command:parameter required="false" variableLength="true" globbing="false" pipelineInput="False" position="named" aliases="wi"><maml:name>WhatIf</maml:name>
<maml:Description><maml:para>Shows what would happen if the cmdlet runs. The cmdlet is not run.
</maml:para>
</maml:Description>
<dev:type><maml:name>SwitchParameter</maml:name>
<maml:uri /></dev:type>
<dev:defaultValue>False</dev:defaultValue>
</command:parameter>
</command:syntaxItem>
<command:syntaxItem><maml:name>Compress-Archive</maml:name>
<command:parameter required="true" variableLength="true" globbing="false" pipelineInput="True (ByPropertyName, ByValue)" position="0" aliases="none"><maml:name>Path</maml:name>
<maml:Description><maml:para>Specifies the path or paths to the files that you want to add to the archive zipped file. This parameter can accept wildcard characters. Wildcard characters allow you to add all files in a folder to your zipped archive file. To specify multiple paths, and include files in multiple locations in your output zipped file, use commas to separate the paths.
</maml:para>
</maml:Description>
<command:parameterValue required="true" variableLength="false">String[]</command:parameterValue>
<dev:type><maml:name>String[]</maml:name>
<maml:uri /></dev:type>
<dev:defaultValue>None</dev:defaultValue>
</command:parameter>
<command:parameter required="true" variableLength="true" globbing="false" pipelineInput="False" position="1" aliases="none"><maml:name>DestinationPath</maml:name>
<maml:Description><maml:para>Specifies the path to the archive output file. This parameter is required. The specified DestinationPath value should include the desired name of the output zipped file; it specifies either the absolute or relative path to the zipped file. If the file name specified in DestinationPath does not have a .zip file name extension, the cmdlet adds a .zip file name extension.
</maml:para>
</maml:Description>
<command:parameterValue required="true" variableLength="false">String</command:parameterValue>
<dev:type><maml:name>String</maml:name>
<maml:uri /></dev:type>
<dev:defaultValue>None</dev:defaultValue>
</command:parameter>
<command:parameter required="false" variableLength="true" globbing="false" pipelineInput="False" position="named" aliases="none"><maml:name>CompressionLevel</maml:name>
<maml:Description><maml:para>Specifies how much compression to apply when you are creating the archive file. Faster compression requires less time to create the file, but can result in larger file sizes. The acceptable values for this parameter are:
</maml:para>
<maml:para>- Fastest. Use the fastest compression method available to decrease processing time; this can result in larger file sizes.  - NoCompression. Do not compress the source files.  - Optimal. Processing time is dependent on file size.
</maml:para>
<maml:para>If this parameter is not specified, the command uses the default value, Optimal.
</maml:para>
</maml:Description>
<command:parameterValueGroup><command:parameterValue required="false" variableLength="false">Optimal</command:parameterValue>
<command:parameterValue required="false" variableLength="false">NoCompression</command:parameterValue>
<command:parameterValue required="false" variableLength="false">Fastest</command:parameterValue>
</command:parameterValueGroup>
<command:parameterValue required="true" variableLength="false">String</command:parameterValue>
<dev:type><maml:name>String</maml:name>
<maml:uri /></dev:type>
<dev:defaultValue>None</dev:defaultValue>
</command:parameter>
<command:parameter required="false" variableLength="true" globbing="false" pipelineInput="False" position="named" aliases="cf"><maml:name>Confirm</maml:name>
<maml:Description><maml:para>Prompts you for confirmation before running the cmdlet.
</maml:para>
</maml:Description>
<dev:type><maml:name>SwitchParameter</maml:name>
<maml:uri /></dev:type>
<dev:defaultValue>False</dev:defaultValue>
</command:parameter>
<command:parameter required="false" variableLength="true" globbing="false" pipelineInput="False" position="named" aliases="wi"><maml:name>WhatIf</maml:name>
<maml:Description><maml:para>Shows what would happen if the cmdlet runs. The cmdlet is not run.
</maml:para>
</maml:Description>
<dev:type><maml:name>SwitchParameter</maml:name>
<maml:uri /></dev:type>
<dev:defaultValue>False</dev:defaultValue>
</command:parameter>
</command:syntaxItem>
<command:syntaxItem><maml:name>Compress-Archive</maml:name>
<command:parameter required="true" variableLength="true" globbing="false" pipelineInput="True (ByPropertyName, ByValue)" position="0" aliases="none"><maml:name>Path</maml:name>
<maml:Description><maml:para>Specifies the path or paths to the files that you want to add to the archive zipped file. This parameter can accept wildcard characters. Wildcard characters allow you to add all files in a folder to your zipped archive file. To specify multiple paths, and include files in multiple locations in your output zipped file, use commas to separate the paths.
</maml:para>
</maml:Description>
<command:parameterValue required="true" variableLength="false">String[]</command:parameterValue>
<dev:type><maml:name>String[]</maml:name>
<maml:uri /></dev:type>
<dev:defaultValue>None</dev:defaultValue>
</command:parameter>
<command:parameter required="true" variableLength="true" globbing="false" pipelineInput="False" position="1" aliases="none"><maml:name>DestinationPath</maml:name>
<maml:Description><maml:para>Specifies the path to the archive output file. This parameter is required. The specified DestinationPath value should include the desired name of the output zipped file; it specifies either the absolute or relative path to the zipped file. If the file name specified in DestinationPath does not have a .zip file name extension, the cmdlet adds a .zip file name extension.
</maml:para>
</maml:Description>
<command:parameterValue required="true" variableLength="false">String</command:parameterValue>
<dev:type><maml:name>String</maml:name>
<maml:uri /></dev:type>
<dev:defaultValue>None</dev:defaultValue>
</command:parameter>
<command:parameter required="false" variableLength="true" globbing="false" pipelineInput="False" position="named" aliases="none"><maml:name>CompressionLevel</maml:name>
<maml:Description><maml:para>Specifies how much compression to apply when you are creating the archive file. Faster compression requires less time to create the file, but can result in larger file sizes. The acceptable values for this parameter are:
</maml:para>
<maml:para>- Fastest. Use the fastest compression method available to decrease processing time; this can result in larger file sizes.  - NoCompression. Do not compress the source files.  - Optimal. Processing time is dependent on file size.
</maml:para>
<maml:para>If this parameter is not specified, the command uses the default value, Optimal.
</maml:para>
</maml:Description>
<command:parameterValueGroup><command:parameterValue required="false" variableLength="false">Optimal</command:parameterValue>
<command:parameterValue required="false" variableLength="false">NoCompression</command:parameterValue>
<command:parameterValue required="false" variableLength="false">Fastest</command:parameterValue>
</command:parameterValueGroup>
<command:parameterValue required="true" variableLength="false">String</command:parameterValue>
<dev:type><maml:name>String</maml:name>
<maml:uri /></dev:type>
<dev:defaultValue>None</dev:defaultValue>
</command:parameter>
<command:parameter required="false" variableLength="true" globbing="false" pipelineInput="False" position="named" aliases="cf"><maml:name>Confirm</maml:name>
<maml:Description><maml:para>Prompts you for confirmation before running the cmdlet.
</maml:para>
</maml:Description>
<dev:type><maml:name>SwitchParameter</maml:name>
<maml:uri /></dev:type>
<dev:defaultValue>False</dev:defaultValue>
</command:parameter>
<command:parameter required="true" variableLength="true" globbing="false" pipelineInput="False" position="named" aliases="none"><maml:name>Update</maml:name>
<maml:Description><maml:para>Updates the specified archive by replacing older versions of files in the archive with newer versions of files that have the same names. You can also add this parameter to add files to an existing archive.
</maml:para>
</maml:Description>
<dev:type><maml:name>SwitchParameter</maml:name>
<maml:uri /></dev:type>
<dev:defaultValue>False</dev:defaultValue>
</command:parameter>
<command:parameter required="false" variableLength="true" globbing="false" pipelineInput="False" position="named" aliases="wi"><maml:name>WhatIf</maml:name>
<maml:Description><maml:para>Shows what would happen if the cmdlet runs. The cmdlet is not run.
</maml:para>
</maml:Description>
<dev:type><maml:name>SwitchParameter</maml:name>
<maml:uri /></dev:type>
<dev:defaultValue>False</dev:defaultValue>
</command:parameter>
</command:syntaxItem>
</command:syntax>
<command:parameters><command:parameter required="false" variableLength="true" globbing="false" pipelineInput="False" position="named" aliases="none"><maml:name>CompressionLevel</maml:name>
<maml:Description><maml:para>Specifies how much compression to apply when you are creating the archive file. Faster compression requires less time to create the file, but can result in larger file sizes. The acceptable values for this parameter are:
</maml:para>
<maml:para>- Fastest. Use the fastest compression method available to decrease processing time; this can result in larger file sizes.  - NoCompression. Do not compress the source files.  - Optimal. Processing time is dependent on file size.
</maml:para>
<maml:para>If this parameter is not specified, the command uses the default value, Optimal.
</maml:para>
</maml:Description>
<command:parameterValue required="true" variableLength="false">String</command:parameterValue>
<dev:type><maml:name>String</maml:name>
<maml:uri /></dev:type>
<dev:defaultValue>None</dev:defaultValue>
</command:parameter>
<command:parameter required="false" variableLength="true" globbing="false" pipelineInput="False" position="named" aliases="cf"><maml:name>Confirm</maml:name>
<maml:Description><maml:para>Prompts you for confirmation before running the cmdlet.
</maml:para>
</maml:Description>
<command:parameterValue required="false" variableLength="false">SwitchParameter</command:parameterValue>
<dev:type><maml:name>SwitchParameter</maml:name>
<maml:uri /></dev:type>
<dev:defaultValue>False</dev:defaultValue>
</command:parameter>
<command:parameter required="true" variableLength="true" globbing="false" pipelineInput="False" position="1" aliases="none"><maml:name>DestinationPath</maml:name>
<maml:Description><maml:para>Specifies the path to the archive output file. This parameter is required. The specified DestinationPath value should include the desired name of the output zipped file; it specifies either the absolute or relative path to the zipped file. If the file name specified in DestinationPath does not have a .zip file name extension, the cmdlet adds a .zip file name extension.
</maml:para>
</maml:Description>
<command:parameterValue required="true" variableLength="false">String</command:parameterValue>
<dev:type><maml:name>String</maml:name>
<maml:uri /></dev:type>
<dev:defaultValue>None</dev:defaultValue>
</command:parameter>
<command:parameter required="true" variableLength="true" globbing="false" pipelineInput="False" position="named" aliases="none"><maml:name>Force</maml:name>
<maml:Description><maml:para>@{Text=}
</maml:para>
</maml:Description>
<command:parameterValue required="false" variableLength="false">SwitchParameter</command:parameterValue>
<dev:type><maml:name>SwitchParameter</maml:name>
<maml:uri /></dev:type>
<dev:defaultValue>False</dev:defaultValue>
</command:parameter>
<command:parameter required="true" variableLength="true" globbing="false" pipelineInput="True (ByPropertyName)" position="named" aliases="PSPath"><maml:name>LiteralPath</maml:name>
<maml:Description><maml:para>Specifies the path or paths to the files that you want to add to the archive zipped file. Unlike the Path parameter, the value of LiteralPath is used exactly as it is typed. No characters are interpreted as wildcards. If the path includes escape characters, enclose each escape character in single quotation marks, to instruct Windows PowerShell not to interpret any characters as escape sequences. To specify multiple paths, and include files in multiple locations in your output zipped file, use commas to separate the paths.
</maml:para>
</maml:Description>
<command:parameterValue required="true" variableLength="false">String[]</command:parameterValue>
<dev:type><maml:name>String[]</maml:name>
<maml:uri /></dev:type>
<dev:defaultValue>None</dev:defaultValue>
</command:parameter>
<command:parameter required="true" variableLength="true" globbing="false" pipelineInput="True (ByPropertyName, ByValue)" position="0" aliases="none"><maml:name>Path</maml:name>
<maml:Description><maml:para>Specifies the path or paths to the files that you want to add to the archive zipped file. This parameter can accept wildcard characters. Wildcard characters allow you to add all files in a folder to your zipped archive file. To specify multiple paths, and include files in multiple locations in your output zipped file, use commas to separate the paths.
</maml:para>
</maml:Description>
<command:parameterValue required="true" variableLength="false">String[]</command:parameterValue>
<dev:type><maml:name>String[]</maml:name>
<maml:uri /></dev:type>
<dev:defaultValue>None</dev:defaultValue>
</command:parameter>
<command:parameter required="true" variableLength="true" globbing="false" pipelineInput="False" position="named" aliases="none"><maml:name>Update</maml:name>
<maml:Description><maml:para>Updates the specified archive by replacing older versions of files in the archive with newer versions of files that have the same names. You can also add this parameter to add files to an existing archive.
</maml:para>
</maml:Description>
<command:parameterValue required="false" variableLength="false">SwitchParameter</command:parameterValue>
<dev:type><maml:name>SwitchParameter</maml:name>
<maml:uri /></dev:type>
<dev:defaultValue>False</dev:defaultValue>
</command:parameter>
<command:parameter required="false" variableLength="true" globbing="false" pipelineInput="False" position="named" aliases="wi"><maml:name>WhatIf</maml:name>
<maml:Description><maml:para>Shows what would happen if the cmdlet runs. The cmdlet is not run.
</maml:para>
</maml:Description>
<command:parameterValue required="false" variableLength="false">SwitchParameter</command:parameterValue>
<dev:type><maml:name>SwitchParameter</maml:name>
<maml:uri /></dev:type>
<dev:defaultValue>False</dev:defaultValue>
</command:parameter>
</command:parameters>
<command:inputTypes><command:inputType><dev:type><maml:name>System.String</maml:name>
</dev:type>
<maml:description><maml:para>You can pipe a string that contains a path to one or more files.
</maml:para>
</maml:description>
</command:inputType>
</command:inputTypes>
<command:returnValues><command:returnValue><dev:type><maml:name>System.IO.FileInfo</maml:name>
</dev:type>
<maml:description><maml:para>
</maml:para>
</maml:description>
</command:returnValue>
</command:returnValues>
<maml:alertSet><maml:alert><maml:para>
</maml:para>
</maml:alert>
</maml:alertSet>
<command:examples><command:example><maml:title>Example 1: Create an archive file</maml:title>
<dev:code>PS C:\&gt;Compress-Archive -LiteralPath C:\Reference\Draftdoc.docx, C:\Reference\Images\diagram2.vsd -CompressionLevel Optimal -DestinationPath C:\Archives\Draft.Zip</dev:code>
<dev:remarks><maml:para>This command creates a new archive file, Draft.zip, by compressing two files, Draftdoc.docx and diagram2.vsd, specified by the LiteralPath parameter. The compression level specified for this operation is Optimal.
</maml:para>
</dev:remarks>
</command:example>
<command:example><maml:title>Example 2: Create an archive with wildcard characters</maml:title>
<dev:code>PS C:\&gt;Compress-Archive -Path C:\Reference\* -CompressionLevel Fastest -DestinationPath C:\Archives\Draft</dev:code>
<dev:remarks><maml:para>This command creates a new archive file, Draft.zip, in the C:\Archives folder. Note that though the file name extension .zip was not added to the value of the DestinationPath parameter, Windows PowerShell appends this to the specified archive file name automatically. The new archive file contains every file in the C:\Reference folder, because a wildcard character was used in place of specific file names in the Path parameter. The specified compression level is Fastest, which might result in a larger output file, but compresses a large number of files faster.
</maml:para>
</dev:remarks>
</command:example>
<command:example><maml:title>Example 3: Update an existing archive file</maml:title>
<dev:code>PS C:\&gt;Compress-Archive -Path C:\Reference\* -Update -DestinationPath C:\Archives\Draft.Zip</dev:code>
<dev:remarks><maml:para>This command updates an existing archive file, Draft.Zip, in the C:\Archives folder. The command is run to update Draft.Zip with newer versions of existing files that came from the C:\Reference folder, and also to add new files that have been added to C:\Reference since Draft.Zip was initially created.
</maml:para>
</dev:remarks>
</command:example>
<command:example><maml:title>Example 4: Create an archive from an entire folder</maml:title>
<dev:code>PS C:\&gt;Compress-Archive -Path C:\Reference -DestinationPath C:\Archives\Draft</dev:code>
<dev:remarks><maml:para>This command creates an archive from an entire folder, C:\Reference. Note that though the file name extension .zip was not added to the value of the DestinationPath parameter, Windows PowerShell appends this to the specified archive file name automatically.
</maml:para>
</dev:remarks>
</command:example>
</command:examples>
<command:relatedLinks><maml:navigationLink><maml:linkText>Online Version:</maml:linkText>
<maml:uri>http://go.microsoft.com/fwlink/?LinkId=821654</maml:uri>
</maml:navigationLink>
</command:relatedLinks>
</command:command>
<command:command xmlns:maml="http://schemas.microsoft.com/maml/2004/10" xmlns:command="http://schemas.microsoft.com/maml/dev/command/2004/10" xmlns:dev="http://schemas.microsoft.com/maml/dev/2004/10" xmlns:MSHelp="http://msdn.microsoft.com/mshelp">
<command:details><command:name>Expand-Archive</command:name>
<command:verb>Expand</command:verb>
<command:noun>Archive</command:noun>
<maml:description><maml:para>Extracts files from a specified archive (zipped) file.
</maml:para>
</maml:description>
</command:details>
<maml:description><maml:para>The Expand-Archive cmdlet extracts files from a specified zipped archive file to a specified destination folder. An archive file allows multiple files to be packaged, and optionally compressed, into a single zipped file for easier distribution and storage.
</maml:para>
</maml:description>
<command:syntax><command:syntaxItem><maml:name>Expand-Archive</maml:name>
<command:parameter required="false" variableLength="true" globbing="false" pipelineInput="False" position="1" aliases="none"><maml:name>DestinationPath</maml:name>
<maml:Description><maml:para>Specifies the path to the folder in which you want the command to save extracted files. Enter the path to a folder, but do not specify a file name or file name extension. This parameter is required.
</maml:para>
</maml:Description>
<command:parameterValue required="true" variableLength="false">String</command:parameterValue>
<dev:type><maml:name>String</maml:name>
<maml:uri /></dev:type>
<dev:defaultValue>None</dev:defaultValue>
</command:parameter>
<command:parameter required="false" variableLength="true" globbing="false" pipelineInput="False" position="named" aliases="cf"><maml:name>Confirm</maml:name>
<maml:Description><maml:para>Prompts you for confirmation before running the cmdlet.
</maml:para>
</maml:Description>
<dev:type><maml:name>SwitchParameter</maml:name>
<maml:uri /></dev:type>
<dev:defaultValue>False</dev:defaultValue>
</command:parameter>
<command:parameter required="false" variableLength="true" globbing="false" pipelineInput="False" position="named" aliases="none"><maml:name>Force</maml:name>
<maml:Description><maml:para>Forces the command to run without asking for user confirmation.
</maml:para>
</maml:Description>
<dev:type><maml:name>SwitchParameter</maml:name>
<maml:uri /></dev:type>
<dev:defaultValue>False</dev:defaultValue>
</command:parameter>
<command:parameter required="true" variableLength="true" globbing="false" pipelineInput="True (ByPropertyName)" position="named" aliases="PSPath"><maml:name>LiteralPath</maml:name>
<maml:Description><maml:para>Specifies the path to an archive file. Unlike the Path parameter, the value of LiteralPath is used exactly as it is typed. Wildcard characters are not supported. If the path includes escape characters, enclose each escape character in single quotation marks, to instruct Windows PowerShell not to interpret any characters as escape sequences.
</maml:para>
</maml:Description>
<command:parameterValue required="true" variableLength="false">String</command:parameterValue>
<dev:type><maml:name>String</maml:name>
<maml:uri /></dev:type>
<dev:defaultValue>None</dev:defaultValue>
</command:parameter>
<command:parameter required="false" variableLength="true" globbing="false" pipelineInput="False" position="named" aliases="wi"><maml:name>WhatIf</maml:name>
<maml:Description><maml:para>Shows what would happen if the cmdlet runs. The cmdlet is not run.
</maml:para>
</maml:Description>
<dev:type><maml:name>SwitchParameter</maml:name>
<maml:uri /></dev:type>
<dev:defaultValue>False</dev:defaultValue>
</command:parameter>
</command:syntaxItem>
<command:syntaxItem><maml:name>Expand-Archive</maml:name>
<command:parameter required="true" variableLength="true" globbing="false" pipelineInput="True (ByPropertyName, ByValue)" position="0" aliases="none"><maml:name>Path</maml:name>
<maml:Description><maml:para>Specifies the path to the archive file.
</maml:para>
</maml:Description>
<command:parameterValue required="true" variableLength="false">String</command:parameterValue>
<dev:type><maml:name>String</maml:name>
<maml:uri /></dev:type>
<dev:defaultValue>None</dev:defaultValue>
</command:parameter>
<command:parameter required="false" variableLength="true" globbing="false" pipelineInput="False" position="1" aliases="none"><maml:name>DestinationPath</maml:name>
<maml:Description><maml:para>Specifies the path to the folder in which you want the command to save extracted files. Enter the path to a folder, but do not specify a file name or file name extension. This parameter is required.
</maml:para>
</maml:Description>
<command:parameterValue required="true" variableLength="false">String</command:parameterValue>
<dev:type><maml:name>String</maml:name>
<maml:uri /></dev:type>
<dev:defaultValue>None</dev:defaultValue>
</command:parameter>
<command:parameter required="false" variableLength="true" globbing="false" pipelineInput="False" position="named" aliases="cf"><maml:name>Confirm</maml:name>
<maml:Description><maml:para>Prompts you for confirmation before running the cmdlet.
</maml:para>
</maml:Description>
<dev:type><maml:name>SwitchParameter</maml:name>
<maml:uri /></dev:type>
<dev:defaultValue>False</dev:defaultValue>
</command:parameter>
<command:parameter required="false" variableLength="true" globbing="false" pipelineInput="False" position="named" aliases="none"><maml:name>Force</maml:name>
<maml:Description><maml:para>Forces the command to run without asking for user confirmation.
</maml:para>
</maml:Description>
<dev:type><maml:name>SwitchParameter</maml:name>
<maml:uri /></dev:type>
<dev:defaultValue>False</dev:defaultValue>
</command:parameter>
<command:parameter required="false" variableLength="true" globbing="false" pipelineInput="False" position="named" aliases="wi"><maml:name>WhatIf</maml:name>
<maml:Description><maml:para>Shows what would happen if the cmdlet runs. The cmdlet is not run.
</maml:para>
</maml:Description>
<dev:type><maml:name>SwitchParameter</maml:name>
<maml:uri /></dev:type>
<dev:defaultValue>False</dev:defaultValue>
</command:parameter>
</command:syntaxItem>
</command:syntax>
<command:parameters><command:parameter required="false" variableLength="true" globbing="false" pipelineInput="False" position="named" aliases="cf"><maml:name>Confirm</maml:name>
<maml:Description><maml:para>Prompts you for confirmation before running the cmdlet.
</maml:para>
</maml:Description>
<command:parameterValue required="false" variableLength="false">SwitchParameter</command:parameterValue>
<dev:type><maml:name>SwitchParameter</maml:name>
<maml:uri /></dev:type>
<dev:defaultValue>False</dev:defaultValue>
</command:parameter>
<command:parameter required="false" variableLength="true" globbing="false" pipelineInput="False" position="1" aliases="none"><maml:name>DestinationPath</maml:name>
<maml:Description><maml:para>Specifies the path to the folder in which you want the command to save extracted files. Enter the path to a folder, but do not specify a file name or file name extension. This parameter is required.
</maml:para>
</maml:Description>
<command:parameterValue required="true" variableLength="false">String</command:parameterValue>
<dev:type><maml:name>String</maml:name>
<maml:uri /></dev:type>
<dev:defaultValue>None</dev:defaultValue>
</command:parameter>
<command:parameter required="false" variableLength="true" globbing="false" pipelineInput="False" position="named" aliases="none"><maml:name>Force</maml:name>
<maml:Description><maml:para>Forces the command to run without asking for user confirmation.
</maml:para>
</maml:Description>
<command:parameterValue required="false" variableLength="false">SwitchParameter</command:parameterValue>
<dev:type><maml:name>SwitchParameter</maml:name>
<maml:uri /></dev:type>
<dev:defaultValue>False</dev:defaultValue>
</command:parameter>
<command:parameter required="true" variableLength="true" globbing="false" pipelineInput="True (ByPropertyName)" position="named" aliases="PSPath"><maml:name>LiteralPath</maml:name>
<maml:Description><maml:para>Specifies the path to an archive file. Unlike the Path parameter, the value of LiteralPath is used exactly as it is typed. Wildcard characters are not supported. If the path includes escape characters, enclose each escape character in single quotation marks, to instruct Windows PowerShell not to interpret any characters as escape sequences.
</maml:para>
</maml:Description>
<command:parameterValue required="true" variableLength="false">String</command:parameterValue>
<dev:type><maml:name>String</maml:name>
<maml:uri /></dev:type>
<dev:defaultValue>None</dev:defaultValue>
</command:parameter>
<command:parameter required="true" variableLength="true" globbing="false" pipelineInput="True (ByPropertyName, ByValue)" position="0" aliases="none"><maml:name>Path</maml:name>
<maml:Description><maml:para>Specifies the path to the archive file.
</maml:para>
</maml:Description>
<command:parameterValue required="true" variableLength="false">String</command:parameterValue>
<dev:type><maml:name>String</maml:name>
<maml:uri /></dev:type>
<dev:defaultValue>None</dev:defaultValue>
</command:parameter>
<command:parameter required="false" variableLength="true" globbing="false" pipelineInput="False" position="named" aliases="wi"><maml:name>WhatIf</maml:name>
<maml:Description><maml:para>Shows what would happen if the cmdlet runs. The cmdlet is not run.
</maml:para>
</maml:Description>
<command:parameterValue required="false" variableLength="false">SwitchParameter</command:parameterValue>
<dev:type><maml:name>SwitchParameter</maml:name>
<maml:uri /></dev:type>
<dev:defaultValue>False</dev:defaultValue>
</command:parameter>
</command:parameters>
<command:inputTypes><command:inputType><dev:type><maml:name>System.String</maml:name>
</dev:type>
<maml:description><maml:para>You can pipe a string that contains a path to an existing archive file.
</maml:para>
</maml:description>
</command:inputType>
</command:inputTypes>
<command:returnValues><command:returnValue><dev:type><maml:name>System.IO.FileInfo or System.IO.DirectoryInfo</maml:name>
</dev:type>
<maml:description><maml:para>
</maml:para>
</maml:description>
</command:returnValue>
</command:returnValues>
<maml:alertSet><maml:alert><maml:para>
</maml:para>
</maml:alert>
</maml:alertSet>
<command:examples><command:example><maml:title>Example 1: Extract the contents of an archive</maml:title>
<dev:code>PS C:\&gt;Expand-Archive -LiteralPath C:\Archives\Draft.Zip -DestinationPath C:\Reference</dev:code>
<dev:remarks><maml:para>This command extracts the contents of an existing archive file, Draft.zip, into the folder specified by the DestinationPath parameter, C:\Reference.
</maml:para>
</dev:remarks>
</command:example>
<command:example><maml:title>Example 2: Extract the contents of an archive in the current folder</maml:title>
<dev:code>PS C:\&gt;Expand-Archive -Path Draft.Zip -DestinationPath C:\Reference</dev:code>
<dev:remarks><maml:para>This command extracts the contents of an existing archive file in the current folder, Draft.zip, into the folder specified by the DestinationPath parameter, C:\Reference.
</maml:para>
</dev:remarks>
</command:example>
</command:examples>
<command:relatedLinks><maml:navigationLink><maml:linkText>Online Version:</maml:linkText>
<maml:uri>http://go.microsoft.com/fwlink/?LinkId=821655</maml:uri>
</maml:navigationLink>
</command:relatedLinks>
</command:command>
</helpItems>
