{"options":{"check_for_updates":true,"comment":null,"compatopts_for_requires":true,"compat_wrappedjsobject":false,"compat_metadata":false,"compat_foreach":false,"compat_arrayleft":false,"compat_uW_gmonkey":false,"compat_forvarin":false,"noframes":null,"awareOfChrome":false,"run_at":null,"override":{"use_includes":[],"orig_includes":["/^https?://((blog|gist|guides|help|raw|status|developer)\\.)?github\\.com/((?!generated_pages\\/preview).)*$/","https://*.githubusercontent.com/*","https://*graphql-explorer.githubapp.com/*"],"merge_includes":true,"use_matches":[],"orig_matches":[],"merge_matches":true,"use_excludes":[],"orig_excludes":[],"merge_excludes":true,"use_connects":[],"merge_connects":true,"use_blockers":[],"orig_run_at":"document-start","orig_noframes":null,"orig_connects":["githubusercontent.com","raw.githubusercontent.com"]}},"settings":{"enabled":true,"position":1},"meta":{"name":"GitHub Dark Script","uuid":"6eff421a-e611-428a-a66a-4d7361154392","modified":1579635490541,"file_url":"https://raw.githubusercontent.com/StylishThemes/GitHub-Dark-Script/master/github-dark-script.user.js"}}