{"options":{"check_for_updates":true,"comment":null,"compatopts_for_requires":true,"compat_wrappedjsobject":false,"compat_metadata":false,"compat_foreach":false,"compat_arrayleft":false,"compat_uW_gmonkey":false,"compat_forvarin":false,"noframes":null,"awareOfChrome":false,"run_at":null,"override":{"use_includes":[],"orig_includes":["/^https?://www\\.google\\.com?(\\.[a-z]{2})?/(imgres|search.*tbm=isch).*$/"],"merge_includes":true,"use_matches":[],"orig_matches":[],"merge_matches":true,"use_excludes":[],"orig_excludes":[],"merge_excludes":true,"use_connects":[],"merge_connects":true,"use_blockers":[],"orig_run_at":"document-idle","orig_noframes":null,"orig_connects":[]}},"settings":{"enabled":false,"position":9},"meta":{"name":"GoogleImageView","uuid":"a13d62b0-2cb5-4451-bd6c-ae012d74ae0d","modified":1566445442981,"file_url":"https://github.com/DanaMW/GoogleImageView/raw/master/GoogleImageView.user.js"}}