{"options":{"check_for_updates":false,"comment":null,"compatopts_for_requires":true,"compat_wrappedjsobject":false,"compat_metadata":false,"compat_foreach":false,"compat_prototypes":false,"noframes":null,"run_at":null,"override":{"use_includes":[],"orig_includes":["/https?://discord\\.com/channels/*/"],"merge_includes":true,"use_matches":[],"orig_matches":[],"merge_matches":true,"use_excludes":[],"orig_excludes":[],"merge_excludes":true,"use_connects":[],"orig_connects":[],"merge_connects":true,"use_blockers":[],"orig_run_at":"document-idle","orig_noframes":null}},"settings":{"enabled":true,"position":4},"meta":{"name":"Discord Slide Guilds","uuid":"a82f5afe-3c15-4f64-a2e2-52d0f829aedc","modified":1638110728892,"file_url":"https://github.com/DanaMW/DiscordWeb/raw/master/DiscordSlideGuilds.user.js"}}