{"script_blacklist_server":[{"severity":"2","rules":["/https?:\\/\\/userscripts\\.org\\/scripts\\/(source|version)/(102614).*\\.user\\.js/"]},{"name":"SaveFrom.net helper","severity":"3","rules":["/https?:\\/\\/sf-addon\\.com\\/.*\\/.*\\.user\\.js/","/https?:\\/\\/.*\\.sf-helper\\.com\\/.*\\.user\\.js/"],"reason":"Shows advertisements"}],"configMode":100,"layout_user_css":".editorbuttonbar {\n    display: initial;\n}\n","layout":"default#darker","notification_showUpdate":"off","favicon_service":"google","editor_enabled":true,"editor_lineWrapping":false,"editor_electricChars":true,"editor_autoSave":false,"editor_easySave":true,"editor_highlightTrailingWhitespace":true,"editor_trimTrailingSpacesFromModifiedLines":true,"editor_autoLint":true,"editor_autoLintMaxLen":"50000","editor_theme":"default","editor_fontSize":"100","editor_keyMap":"windows","editor_indentUnit":"4","editor_indentWithTabs":"spaces","editor_tabMode":"indent","enabled":true,"statistics_enabled":false,"external_update_interval":1,"action_menu_scripts_hide_disabled":false,"appearance_badge_color":"#ff0000","action_menu_columns":"1","action_menu_scripts_sort":"auto","appearance_badges":"running","autoReload":true,"scriptUpdateCheckDisabled":true,"scriptUpdateCheckPeriod":21600000,"notification_silentScriptUpdate":true,"script_file_access":"all","page_filter_mode":"off","page_whitelist":["/https?:\\/\\/greasyfork\\.org\\/.*/","http://xkcd.com/970/"],"forbiddenPages":["*example.org/*","*paypal.tld/*","*stripe.com/*","https://*deutsche-bank-24.tld/*","https://*bankofamerica.tld/*","/^.*:\\/\\/apis\\.google\\.com\\/((?!render)([^\\/]+)\\/)+([^\\/]+)?$/","*://www.facebook.com/plugins/*","*://platform.twitter.com/widgets/*"],"webrequest_fixCSP":"yes","webrequest_modHeaders":"yes","external_connect":"all","require_sri_mode":"supported","connect_mode":"ask","script_blacklist_type":"off","require_blacklist":["/^https?:\\/\\/example.com(:[0-9]{1,5})?\\/.*/"],"script_blacklist_severity":10,"downloads_extension_whitelist":["/^[^\\.]*$/","/\\.mp[34]$/",".wav","/\\.(avi|mkv|flv|divx|mpe?g|webm)$/","/\\.(ico|gif|png|jpe?g)/","/\\.(srt|sub|idx)$/",".txt",".iso",".zip","/\\.r(ar|[0-9]{2,2})$/"],"downloads_mode":"default","runtime_inject_mode":"instant","showFixedSrc":false,"script_templates":[{"name":"ECMAScript 5","value":"// ==UserScript==\n// @name         SomeScriptDark\n// @version      0.0.1\n// @namespace    https://raw.githubusercontent.com/danamw/discordweb/master/SomeScriptDark.user.js\n// @description  It makes SomeScript Darker.\n// @author       Dana Meli\n// @icon         https://danamw.github.io/img/eyeball128.png\n// @include      /https?://discordapp\\.com/channels/*/\n// @require      https://cdnjs.cloudflare.com/ajax/libs/jquery/3.3.1/jquery.min.js\n// @require      https://raw.githubusercontent.com/uzairfarooq/arrive/master/minified/arrive.min.js\n// ==/UserScript==\n/* jshint esversion: 6 */\n/* require-jsdoc  */\n\n(function() {\n    'use strict';\n\n    // Your code here...\n})();"},{"name":"ECMAScript 6","value":"// ==UserScript==\n// @name         New Userscript\n// @namespace    https://DanaMW.github.io\n// @version      0.0.1\n// @description  Some Damn UserScript\n// @author       Dana Meli\n// @icon         https://danamw.github.io/img/eyeball128.png\n// @match        <$URL$>\n// @grant        none\n// @require      https://cdnjs.cloudflare.com/ajax/libs/babel-standalone/6.18.2/babel.js\n// @require      https://cdnjs.cloudflare.com/ajax/libs/babel-polyfill/6.16.0/polyfill.js\n// @match        <$URL$>\n// ==/UserScript==\n\n/* jshint ignore:start */\nvar inline_src = (<><![CDATA[\n/* jshint ignore:end */\n    /* jshint esnext: false */\n    /* jshint esversion: 6 */\n\n    // Your code here...\n\n/* jshint ignore:start */\n]]></>).toString();\nvar c = Babel.transform(inline_src, { presets: [ \"es2015\", \"es2016\" ] });\neval(c.code);\n/* jshint ignore:end */"},{"name":"CoffeeScript","value":"// ==UserScript==\n// @name         New Userscript\n// @namespace    https://DanaMW.github.io\n// @version      0.0.1\n// @description  Some Damn UserScript\n// @author       Dana Meli\n// @icon         https://danamw.github.io/img/eyeball128.png\n// @match        <$URL$>\n// @grant        none\n// ==/UserScript==\n/* jshint ignore:start */\nvar inline_src = (<><![CDATA[\n\n    // Your code here\n\n]]></>).toString();\nvar compiled = this.CoffeeScript.compile(inline_src);\neval(compiled);\n/* jshint ignore:end */"}],"scriptUrlDetection":"auto","webrequest_fixContentCSP":"no","logLevel":0,"runtime_strict_mode":"byscript","editor_linter_config":{"env":{"es6":true},"parserOptions":{"ecmaVersion":2017},"globals":{"uneval":true,"unsafeWindow":true,"TM_info":true,"GM_info":true,"GM":true,"GM_addStyle":true,"GM_deleteValue":true,"GM_listValues":true,"GM_getValue":true,"GM_download":true,"GM_log":true,"GM_registerMenuCommand":true,"GM_unregisterMenuCommand":true,"GM_openInTab":true,"GM_setValue":true,"GM_addValueChangeListener":true,"GM_removeValueChangeListener":true,"GM_xmlhttpRequest":true,"GM_getTab":true,"GM_setTab":true,"GM_saveTab":true,"GM_getTabs":true,"GM_setClipboard":true,"GM_notification":true,"GM_getResourceText":true,"GM_getResourceURL":true}},"sync_enabled":false,"reset_sync":null,"sync_type":"2","debug":false}