{"options":{"check_for_updates":true,"comment":null,"compatopts_for_requires":true,"compat_wrappedjsobject":false,"compat_metadata":false,"compat_foreach":false,"compat_prototypes":false,"compat_powerful_this":null,"noframes":null,"unwrap":null,"run_at":null,"tab_types":null,"override":{"use_includes":[],"orig_includes":[],"merge_includes":true,"use_matches":[],"orig_matches":["https://www.instagram.com/*","https://*.cdninstagram.com/*"],"merge_matches":true,"use_excludes":[],"orig_excludes":[],"merge_excludes":true,"use_connects":["scontent.cdninstagram.com","scontent-lax3-2.cdninstagram.com","scontent-lax3-1.cdninstagram.com"],"merge_connects":true,"use_blockers":[],"orig_run_at":"document-idle","orig_noframes":null}},"settings":{"enabled":true,"position":10},"meta":{"name":"[Unsupported] IG Helper: download Instagram pic & vids","uuid":"1de52540-2dcc-4f24-ba9a-8af6d1fe3e56","modified":1582260844468,"file_url":"https://greasyfork.org/scripts/22660-ig-helper-download-instagram-pic-vids/code/IG%20Helper:%20download%20Instagram%20pic%20%20vids.user.js"}}