{
  "_Info": [
    "This is the JSON based Configuration for Delay-StartUp",
    "RunItems are your Startup items you are delaying",
    "HostOnly is defined as the only host you want it to run on."
  ],
  "InternalInfo": {
    "Project": "Delay-StartUp",
    "Author": "Dana Meli <danamw@gmail.com",
    "Support": "https://github.com/danamw/PowerShell-tuneup",
    "License": "MIT"
  },
  "Setup": {
    "_Base": "[string] The starting folder that Delay-StartUp reads from.",
    "Base": "D:\\bin",
    "_Editor": "[string] The Text Editor you would like to use.",
    "Editor": "D:\\bin\\NPP\\Notepad++.exe",
    "_StartDelay": "[int] Determines How many seconds to delay the start of loading.",
    "StartDelay": "0",
    "_Delay": "[int] Defines the delay between each program run.",
    "Delay": "1",
    "_Prevent": "[bool] If true skips running completely (in case your working on the system.",
    "Prevent": 0,
    "_Notify": "[bool] If Notifications should be sent to asay/notify.",
    "Notify": 0,
    "_TestRun": "[bool] 0 for normal 1 to test run script without loading any programs.",
    "TestRun": 0,
    "_WPosition": "[bool] 0 for normal 1 to test run script without loading any programs.",
    "WPosition": 1,
    "_WinX": "[int] Position from the LEFT of the actual outer window. Use to position window on screen",
    "WinX": "700",
    "_WinY": "[int] Position from the TOP of the actual outer window. Use to position window on screen",
    "WinY": "200",
    "_WinSMX": "[int] Position from the LEFT of the Settings Manager outer window. Use to position window on screen",
    "WinSMX": "700",
    "_WinSMY": "[int] Position from the TOP of the Settings Manager outer window. Use to position window on screen",
    "WinSMY": "200",
    "_WinWidth": "[int]",
    "WinWidth": "50",
    "_WinHeight": "[int]",
    "WinHeight": "20"
  },
  "RunItem-1": {
    "RunPath": "D:\\bin\\Rainmeter\\RainMeter.exe",
    "Name": "RainMeter",
    "Argument": "",
    "HostOnly": "ON"
  },
  "RunItem-2": {
    "HostOnly": "ON",
    "RunPath": "D:\\bin\\uget\\bin\\uget.exe",
    "Name": "uGet Download Manager",
    "Argument": "--Quiet"
  },
  "RunItem-3": {
    "HostOnly": "ON",
    "Name": "Console Emulator",
    "RunPath": "D:\\bin\\ConEmu\\ConEmu64.exe",
    "Argument": ""
  },
  "RunItem-4": {
    "RunPath": "D:\\bin\\Ditto\\Ditto.exe",
    "Name": "Ditto",
    "HostOnly": "OFF",
    "Argument": ""
  },
  "RunItem-5": {
    "RunPath": "C:\\Program Files (x86)\\REDRAGON GRIFFIN Gaming Mouse\\hid.exe",
    "Name": "Redragon Griffin Mouse",
    "HostOnly": "OFF",
    "Argument": ""
  },
  "RunItem-6": {
    "RunPath": "C:\\Program Files\\Microsoft OneDrive\\OneDrive.exe",
    "Name": "OneDrive",
    "HostOnly": "ON",
    "Argument": "/background"
  },
  "RunItem-7": {
    "RunPath": "C:\\ProgramData\\MEGAsync\\MEGAsync.exe",
    "HostOnly": "ON",
    "Name": "MegaSync",
    "Argument": ""
  }
}
