﻿<?xml version="1.0" encoding="utf-8"?>
<helpItems schema="maml" xmlns="http://msh">
  <command:command xmlns:maml="http://schemas.microsoft.com/maml/2004/10" xmlns:command="http://schemas.microsoft.com/maml/dev/command/2004/10" xmlns:dev="http://schemas.microsoft.com/maml/dev/2004/10" xmlns:MSHelp="http://msdn.microsoft.com/mshelp">
    <command:details>
      <command:name>ConvertFrom-SddlString</command:name>
      <command:verb>ConvertFrom</command:verb>
      <command:noun>SddlString</command:noun>
      <maml:description>
        <maml:para>Converts a SDDL string to a custom object.</maml:para>
      </maml:description>
    </command:details>
    <maml:description>
      <maml:para>The `ConvertFrom-SddlString` cmdlet converts a Security Descriptor Definition Language string to a custom PSCustomObject object with the following properties: Owner, Group, DiscretionaryAcl, SystemAcl and RawDescriptor.</maml:para>
      <maml:para>Owner, Group, DiscretionaryAcl and SystemAcl properties contain a readable text representation of the access rights specified in a SDDL string.</maml:para>
      <maml:para>This cmdlet was introduced in PowerShell 5.0.</maml:para>
    </maml:description>
    <command:syntax>
      <command:syntaxItem>
        <maml:name>ConvertFrom-SddlString</maml:name>
        <command:parameter required="true" variableLength="true" globbing="false" pipelineInput="True (ByValue)" position="0" aliases="none">
          <maml:name>Sddl</maml:name>
          <maml:Description>
            <maml:para>Specifies the string representing the security descriptor in SDDL syntax.</maml:para>
          </maml:Description>
          <command:parameterValue required="true" variableLength="false">String</command:parameterValue>
          <dev:type>
            <maml:name>String</maml:name>
            <maml:uri />
          </dev:type>
          <dev:defaultValue>None</dev:defaultValue>
        </command:parameter>
        <command:parameter required="false" variableLength="true" globbing="false" pipelineInput="False" position="named" aliases="none">
          <maml:name>Type</maml:name>
          <maml:Description>
            <maml:para>Specifies the type of rights that SDDL string represents.</maml:para>
            <maml:para>The acceptable values for this parameter are:</maml:para>
            <maml:para>- FileSystemRights</maml:para>
            <maml:para>- RegistryRights</maml:para>
            <maml:para>- ActiveDirectoryRights</maml:para>
            <maml:para>- MutexRights</maml:para>
            <maml:para>- SemaphoreRights</maml:para>
            <maml:para>- CryptoKeyRights</maml:para>
            <maml:para>- EventWaitHandleRights</maml:para>
            <maml:para></maml:para>
            <maml:para>By default cmdlet uses file system rights.</maml:para>
            <maml:para>CryptoKeyRights and ActiveDirectoryRights are not supported in PowerShell Core.</maml:para>
          </maml:Description>
          <command:parameterValueGroup>
            <command:parameterValue required="false" command:variableLength="false">FileSystemRights</command:parameterValue>
            <command:parameterValue required="false" command:variableLength="false">RegistryRights</command:parameterValue>
            <command:parameterValue required="false" command:variableLength="false">ActiveDirectoryRights</command:parameterValue>
            <command:parameterValue required="false" command:variableLength="false">MutexRights</command:parameterValue>
            <command:parameterValue required="false" command:variableLength="false">SemaphoreRights</command:parameterValue>
            <command:parameterValue required="false" command:variableLength="false">CryptoKeyRights</command:parameterValue>
            <command:parameterValue required="false" command:variableLength="false">EventWaitHandleRights</command:parameterValue>
          </command:parameterValueGroup>
          <command:parameterValue required="true" variableLength="false">Object</command:parameterValue>
          <dev:type>
            <maml:name>Object</maml:name>
            <maml:uri />
          </dev:type>
          <dev:defaultValue>None</dev:defaultValue>
        </command:parameter>
      </command:syntaxItem>
    </command:syntax>
    <command:parameters>
      <command:parameter required="true" variableLength="true" globbing="false" pipelineInput="True (ByValue)" position="0" aliases="none">
        <maml:name>Sddl</maml:name>
        <maml:Description>
          <maml:para>Specifies the string representing the security descriptor in SDDL syntax.</maml:para>
        </maml:Description>
        <command:parameterValue required="true" variableLength="false">String</command:parameterValue>
        <dev:type>
          <maml:name>String</maml:name>
          <maml:uri />
        </dev:type>
        <dev:defaultValue>None</dev:defaultValue>
      </command:parameter>
      <command:parameter required="false" variableLength="true" globbing="false" pipelineInput="False" position="named" aliases="none">
        <maml:name>Type</maml:name>
        <maml:Description>
          <maml:para>Specifies the type of rights that SDDL string represents.</maml:para>
          <maml:para>The acceptable values for this parameter are:</maml:para>
          <maml:para>- FileSystemRights</maml:para>
          <maml:para>- RegistryRights</maml:para>
          <maml:para>- ActiveDirectoryRights</maml:para>
          <maml:para>- MutexRights</maml:para>
          <maml:para>- SemaphoreRights</maml:para>
          <maml:para>- CryptoKeyRights</maml:para>
          <maml:para>- EventWaitHandleRights</maml:para>
          <maml:para></maml:para>
          <maml:para>By default cmdlet uses file system rights.</maml:para>
          <maml:para>CryptoKeyRights and ActiveDirectoryRights are not supported in PowerShell Core.</maml:para>
        </maml:Description>
        <command:parameterValue required="true" variableLength="false">Object</command:parameterValue>
        <dev:type>
          <maml:name>Object</maml:name>
          <maml:uri />
        </dev:type>
        <dev:defaultValue>None</dev:defaultValue>
      </command:parameter>
    </command:parameters>
    <command:inputTypes>
      <command:inputType>
        <dev:type>
          <maml:name>System.String</maml:name>
        </dev:type>
        <maml:description>
          <maml:para>You can pipe a SDDL string to `ConvertFrom-SddlString`.</maml:para>
        </maml:description>
      </command:inputType>
    </command:inputTypes>
    <command:returnValues />
    <maml:alertSet>
      <maml:alert>
        <maml:para></maml:para>
      </maml:alert>
    </maml:alertSet>
    <command:examples>
      <command:example>
        <maml:title>Example 1: Convert file system access rights SDDL to a PSCustomObject</maml:title>
        <dev:code>$acl = Get-Acl -Path C:\Windows
ConvertFrom-SddlString -Sddl $acl.Sddl</dev:code>
        <dev:remarks>
          <maml:para>The first command uses the `Get-Acl` cmdlet to get the security descriptor for the C:\Windows folder and saves it in the variable.</maml:para>
          <maml:para>The second command uses the `ConvertFrom-SddlString` cmdlet to get the text representation of the SDDL string, contained in the Sddl property of the object representing the security descriptor.</maml:para>
        </dev:remarks>
      </command:example>
      <command:example>
        <maml:title>Example 2: Convert registry access rights SDDL to a PSCustomObject</maml:title>
        <dev:code>$acl = Get-Acl HKLM:\SOFTWARE\Microsoft\
ConvertFrom-SddlString -Sddl $acl.Sddl -Type RegistryRights</dev:code>
        <dev:remarks>
          <maml:para>The first command uses the `Get-Acl` cmdlet to get the security descriptor for the HKLM:\SOFTWARE\Microsoft\ key and saves it in the variable.</maml:para>
          <maml:para>The second command uses the `ConvertFrom-SddlString` cmdlet to get the text representation of the SDDL string, contained in the Sddl property of the object representing the security descriptor.</maml:para>
          <maml:para>It uses the `-Type` parameter to specify that SDDL string represents a registry security descriptor.</maml:para>
        </dev:remarks>
      </command:example>
      <command:example>
        <maml:title>Example 3: Convert registry access rights SDDL to a PSCustomObject by using ConvertFrom-SddlString with and without the `-Type` parameter</maml:title>
        <dev:code>$acl = Get-Acl -Path HKLM:\SOFTWARE\Microsoft\

ConvertFrom-SddlString -Sddl $acl.Sddl | Foreach-Object {$_.DiscretionaryAcl[0]}

BUILTIN\Administrators: AccessAllowed (ChangePermissions, CreateDirectories, Delete, ExecuteKey, FullControl, GenericExecute, GenericWrite, ListDirectory, ReadExtendedAttributes, ReadPermissions, TakeOwnership, Traverse, WriteData, WriteExtendedAttributes, WriteKey)

ConvertFrom-SddlString -Sddl $acl.Sddl -Type RegistryRights | Foreach-Object {$_.DiscretionaryAcl[0]}

BUILTIN\Administrators: AccessAllowed (ChangePermissions, CreateLink, CreateSubKey, Delete, EnumerateSubKeys, ExecuteKey, FullControl, GenericExecute, GenericWrite, Notify, QueryValues, ReadPermissions, SetValue, TakeOwnership, WriteKey)</dev:code>
        <dev:remarks>
          <maml:para>The first command uses the `Get-Acl` cmdlet to get the security descriptor for the HKLM:\SOFTWARE\Microsoft\ key and saves it in the variable.</maml:para>
          <maml:para>The second command uses the `ConvertFrom-SddlString` cmdlet to get the text representation of the SDDL string, contained in the Sddl property of the object representing the security descriptor.</maml:para>
          <maml:para>It doesn't use the `-Type` parameter, so the access rights shown are for file system.</maml:para>
          <maml:para>The third command uses the `ConvertFrom-SddlString` cmdlet with the `-Type` parameter, so the access rights returned are for registry.</maml:para>
        </dev:remarks>
      </command:example>
    </command:examples>
    <command:relatedLinks>
      <maml:navigationLink>
        <maml:linkText>Online Version:</maml:linkText>
        <maml:uri>http://go.microsoft.com/fwlink/?LinkId=821754</maml:uri>
      </maml:navigationLink>
      <maml:navigationLink>
        <maml:linkText>Security Descriptor Definition Language</maml:linkText>
        <maml:uri>https://msdn.microsoft.com/en-us/library/windows/desktop/aa379567(v=vs.85).aspx</maml:uri>
      </maml:navigationLink>
    </command:relatedLinks>
  </command:command>
  <command:command xmlns:maml="http://schemas.microsoft.com/maml/2004/10" xmlns:command="http://schemas.microsoft.com/maml/dev/command/2004/10" xmlns:dev="http://schemas.microsoft.com/maml/dev/2004/10" xmlns:MSHelp="http://msdn.microsoft.com/mshelp">
    <command:details>
      <command:name>Format-Hex</command:name>
      <command:verb>Format</command:verb>
      <command:noun>Hex</command:noun>
      <maml:description>
        <maml:para>Displays a file or other input as hexadecimal.</maml:para>
      </maml:description>
    </command:details>
    <maml:description>
      <maml:para>The Format-Hex cmdlet displays a file or other input as hexadecimal values. To determine the offset of a character from the output, add the number at the leftmost of the row to the number at the top of the column for that character.</maml:para>
      <maml:para>This cmdlet can help you determine the file type of a corrupted file or a file which may not have a file name extension. Run this cmdlet, and then inspect the results for file information.</maml:para>
    </maml:description>
    <command:syntax>
      <command:syntaxItem>
        <maml:name>Format-Hex</maml:name>
        <command:parameter required="false" variableLength="true" globbing="false" pipelineInput="False" position="named" aliases="none">
          <maml:name>Encoding</maml:name>
          <maml:Description>
            <maml:para>Specifies the type of character encoding used in the file that this cmdlet formats as hexadecimal. The acceptable values for this parameter are:</maml:para>
            <maml:para>- Ascii</maml:para>
            <maml:para>- UTF32</maml:para>
            <maml:para>- UTF7</maml:para>
            <maml:para>- UTF8</maml:para>
            <maml:para>- BigEndianUnicode</maml:para>
            <maml:para>- Unicode</maml:para>
            <maml:para></maml:para>
            <maml:para>The default value is Unicode.</maml:para>
          </maml:Description>
          <command:parameterValueGroup>
            <command:parameterValue required="false" command:variableLength="false">Ascii</command:parameterValue>
            <command:parameterValue required="false" command:variableLength="false">UTF32</command:parameterValue>
            <command:parameterValue required="false" command:variableLength="false">UTF7</command:parameterValue>
            <command:parameterValue required="false" command:variableLength="false">UTF8</command:parameterValue>
            <command:parameterValue required="false" command:variableLength="false">BigEndianUnicode</command:parameterValue>
            <command:parameterValue required="false" command:variableLength="false">Unicode</command:parameterValue>
          </command:parameterValueGroup>
          <command:parameterValue required="true" variableLength="false">String</command:parameterValue>
          <dev:type>
            <maml:name>String</maml:name>
            <maml:uri />
          </dev:type>
          <dev:defaultValue>None</dev:defaultValue>
        </command:parameter>
        <command:parameter required="true" variableLength="true" globbing="false" pipelineInput="True (ByValue)" position="named" aliases="none">
          <maml:name>InputObject</maml:name>
          <maml:Description>
            <maml:para>Specifies the objects to be formatted. Enter a variable that contains the objects or type a command or expression that gets the objects.</maml:para>
          </maml:Description>
          <command:parameterValue required="true" variableLength="false">Object</command:parameterValue>
          <dev:type>
            <maml:name>Object</maml:name>
            <maml:uri />
          </dev:type>
          <dev:defaultValue>None</dev:defaultValue>
        </command:parameter>
        <command:parameter required="false" variableLength="true" globbing="false" pipelineInput="False" position="named" aliases="none">
          <maml:name>Raw</maml:name>
          <maml:Description>
            <maml:para></maml:para>
          </maml:Description>
          <dev:type>
            <maml:name>SwitchParameter</maml:name>
            <maml:uri />
          </dev:type>
          <dev:defaultValue>False</dev:defaultValue>
        </command:parameter>
      </command:syntaxItem>
      <command:syntaxItem>
        <maml:name>Format-Hex</maml:name>
        <command:parameter required="true" variableLength="true" globbing="false" pipelineInput="False" position="named" aliases="PSPath">
          <maml:name>LiteralPath</maml:name>
          <maml:Description>
            <maml:para>Specifies an array of literal paths of items. This parameter does not accept wildcard characters. To use wildcard characters, specify the Path parameter instead.</maml:para>
            <maml:para>If this parameter includes escape characters, enclose the path in single quotation marks. PowerShell does not interpret any characters in a single quoted string as escape sequences. For more information, type `Get-Help about_Quoting_Rules`.</maml:para>
          </maml:Description>
          <command:parameterValue required="true" variableLength="false">String[]</command:parameterValue>
          <dev:type>
            <maml:name>String[]</maml:name>
            <maml:uri />
          </dev:type>
          <dev:defaultValue>None</dev:defaultValue>
        </command:parameter>
      </command:syntaxItem>
      <command:syntaxItem>
        <maml:name>Format-Hex</maml:name>
        <command:parameter required="true" variableLength="true" globbing="false" pipelineInput="False" position="0" aliases="none">
          <maml:name>Path</maml:name>
          <maml:Description>
            <maml:para>Specifies an array of paths of items. This cmdlet returns a hexadecimal representation of the items that this parameter specifies.</maml:para>
            <maml:para>Use a dot (.) to specify the current location. Use the wildcard character (*) to specify all the items in the current location.</maml:para>
          </maml:Description>
          <command:parameterValue required="true" variableLength="false">String[]</command:parameterValue>
          <dev:type>
            <maml:name>String[]</maml:name>
            <maml:uri />
          </dev:type>
          <dev:defaultValue>None</dev:defaultValue>
        </command:parameter>
      </command:syntaxItem>
    </command:syntax>
    <command:parameters>
      <command:parameter required="false" variableLength="true" globbing="false" pipelineInput="False" position="named" aliases="none">
        <maml:name>Encoding</maml:name>
        <maml:Description>
          <maml:para>Specifies the type of character encoding used in the file that this cmdlet formats as hexadecimal. The acceptable values for this parameter are:</maml:para>
          <maml:para>- Ascii</maml:para>
          <maml:para>- UTF32</maml:para>
          <maml:para>- UTF7</maml:para>
          <maml:para>- UTF8</maml:para>
          <maml:para>- BigEndianUnicode</maml:para>
          <maml:para>- Unicode</maml:para>
          <maml:para></maml:para>
          <maml:para>The default value is Unicode.</maml:para>
        </maml:Description>
        <command:parameterValue required="true" variableLength="false">String</command:parameterValue>
        <dev:type>
          <maml:name>String</maml:name>
          <maml:uri />
        </dev:type>
        <dev:defaultValue>None</dev:defaultValue>
      </command:parameter>
      <command:parameter required="true" variableLength="true" globbing="false" pipelineInput="True (ByValue)" position="named" aliases="none">
        <maml:name>InputObject</maml:name>
        <maml:Description>
          <maml:para>Specifies the objects to be formatted. Enter a variable that contains the objects or type a command or expression that gets the objects.</maml:para>
        </maml:Description>
        <command:parameterValue required="true" variableLength="false">Object</command:parameterValue>
        <dev:type>
          <maml:name>Object</maml:name>
          <maml:uri />
        </dev:type>
        <dev:defaultValue>None</dev:defaultValue>
      </command:parameter>
      <command:parameter required="true" variableLength="true" globbing="false" pipelineInput="False" position="named" aliases="PSPath">
        <maml:name>LiteralPath</maml:name>
        <maml:Description>
          <maml:para>Specifies an array of literal paths of items. This parameter does not accept wildcard characters. To use wildcard characters, specify the Path parameter instead.</maml:para>
          <maml:para>If this parameter includes escape characters, enclose the path in single quotation marks. PowerShell does not interpret any characters in a single quoted string as escape sequences. For more information, type `Get-Help about_Quoting_Rules`.</maml:para>
        </maml:Description>
        <command:parameterValue required="true" variableLength="false">String[]</command:parameterValue>
        <dev:type>
          <maml:name>String[]</maml:name>
          <maml:uri />
        </dev:type>
        <dev:defaultValue>None</dev:defaultValue>
      </command:parameter>
      <command:parameter required="true" variableLength="true" globbing="false" pipelineInput="False" position="0" aliases="none">
        <maml:name>Path</maml:name>
        <maml:Description>
          <maml:para>Specifies an array of paths of items. This cmdlet returns a hexadecimal representation of the items that this parameter specifies.</maml:para>
          <maml:para>Use a dot (.) to specify the current location. Use the wildcard character (*) to specify all the items in the current location.</maml:para>
        </maml:Description>
        <command:parameterValue required="true" variableLength="false">String[]</command:parameterValue>
        <dev:type>
          <maml:name>String[]</maml:name>
          <maml:uri />
        </dev:type>
        <dev:defaultValue>None</dev:defaultValue>
      </command:parameter>
      <command:parameter required="false" variableLength="true" globbing="false" pipelineInput="False" position="named" aliases="none">
        <maml:name>Raw</maml:name>
        <maml:Description>
          <maml:para></maml:para>
        </maml:Description>
        <command:parameterValue required="false" variableLength="false">SwitchParameter</command:parameterValue>
        <dev:type>
          <maml:name>SwitchParameter</maml:name>
          <maml:uri />
        </dev:type>
        <dev:defaultValue>False</dev:defaultValue>
      </command:parameter>
    </command:parameters>
    <command:inputTypes>
      <command:inputType>
        <dev:type>
          <maml:name>System.String</maml:name>
        </dev:type>
        <maml:description>
          <maml:para>You can pipe a string to this cmdlet.</maml:para>
        </maml:description>
      </command:inputType>
    </command:inputTypes>
    <command:returnValues>
      <command:returnValue>
        <dev:type>
          <maml:name>Microsoft.PowerShell.Commands.ByteCollection</maml:name>
        </dev:type>
        <maml:description>
          <maml:para>This cmdlet returns a ByteCollection . This object represents a collection of bytes. It includes methods that convert the collection of bytes to a string formatted like each line of output returned by Format-Hex . If you specify the Path or LiteralPath parameter, the object also contains the path of the file that contains each byte.</maml:para>
        </maml:description>
      </command:returnValue>
    </command:returnValues>
    <maml:alertSet>
      <maml:alert>
        <maml:para></maml:para>
      </maml:alert>
    </maml:alertSet>
    <command:examples>
      <command:example>
        <maml:title>-- Example 1: Get the hexadecimal representation of a string --</maml:title>
        <dev:code>PS C:\&gt; "Hello World" | Format-Hex
           00 01 02 03 04 05 06 07 08 09 0A 0B 0C 0D 0E 0F

00000000   48 65 6C 6C 6F 20 57 6F 72 6C 64                 Hello World</dev:code>
        <dev:remarks>
          <maml:para>This command returns the hexadecimal representation of the string Hello World.</maml:para>
        </dev:remarks>
      </command:example>
      <command:example>
        <maml:title>-------------- Example 2: Investigate a file type --------------</maml:title>
        <dev:code>PS C:\&gt; Format-Hex -Path "C:\temp\temp.t7f"
           00 01 02 03 04 05 06 07 08 09 0A 0B 0C 0D 0E 0F

00000000   25 50 44 46 2D 31 2E 35 0D 0A 25 B5 B5 B5 B5 0D  %PDF-1.5..%????.
00000010   0A 31 20 30 20 6F 62 6A 0D 0A 3C 3C 2F 54 79 70  .1 0 obj..&lt;&lt;/Typ
00000020   65 2F 43 61 74 61 6C 6F 67 2F 50 61 67 65 73 20  e/Catalog/Pages</dev:code>
        <dev:remarks>
          <maml:para>This command converts the file that is named temp.t7f to hexadecimal. In this example, a file that has the unfamiliar file name extension .t7f is actually a PDF file. The first few bytes of the header contain that information.</maml:para>
        </dev:remarks>
      </command:example>
    </command:examples>
    <command:relatedLinks>
      <maml:navigationLink>
        <maml:linkText>Online Version:</maml:linkText>
        <maml:uri>http://go.microsoft.com/fwlink/?LinkId=821773</maml:uri>
      </maml:navigationLink>
      <maml:navigationLink>
        <maml:linkText>Format-Custom</maml:linkText>
        <maml:uri></maml:uri>
      </maml:navigationLink>
      <maml:navigationLink>
        <maml:linkText>Format-List</maml:linkText>
        <maml:uri></maml:uri>
      </maml:navigationLink>
      <maml:navigationLink>
        <maml:linkText>Format-Table</maml:linkText>
        <maml:uri></maml:uri>
      </maml:navigationLink>
      <maml:navigationLink>
        <maml:linkText>Format-Wide</maml:linkText>
        <maml:uri></maml:uri>
      </maml:navigationLink>
    </command:relatedLinks>
  </command:command>
  <command:command xmlns:maml="http://schemas.microsoft.com/maml/2004/10" xmlns:command="http://schemas.microsoft.com/maml/dev/command/2004/10" xmlns:dev="http://schemas.microsoft.com/maml/dev/2004/10" xmlns:MSHelp="http://msdn.microsoft.com/mshelp">
    <command:details>
      <command:name>Get-FileHash</command:name>
      <command:verb>Get</command:verb>
      <command:noun>FileHash</command:noun>
      <maml:description>
        <maml:para>Computes the hash value for a file by using a specified hash algorithm.</maml:para>
      </maml:description>
    </command:details>
    <maml:description>
      <maml:para>The Get-FileHash cmdlet computes the hash value for a file by using a specified hash algorithm. A hash value is a unique value that corresponds to the content of the file. Rather than identifying the contents of a file by its file name, extension, or other designation, a hash assigns a unique value to the contents of a file. File names and extensions can be changed without altering the content of the file, and without changing the hash value. Similarly, the file's content can be changed without changing the name or extension. However, changing even a single character in the contents of a file changes the hash value of the file.</maml:para>
      <maml:para>The purpose of hash values is to provide a cryptographically-secure way to verify that the contents of a file have not been changed. While some hash algorithms, including MD5 and SHA1, are no longer considered secure against attack, the goal of a secure hash algorithm is to render it impossible to change the contents of a file-either by accident, or by malicious or unauthorized attempt-and maintain the same hash value. You can also use hash values to determine if two different files have exactly the same content. If the hash values of two files are identical, the contents of the files are also identical.</maml:para>
      <maml:para>By default, the Get-FileHash cmdlet uses the SHA256 algorithm, although any hash algorithm that is supported by the target operating system can be used.</maml:para>
    </maml:description>
    <command:syntax>
      <command:syntaxItem>
        <maml:name>Get-FileHash</maml:name>
        <command:parameter required="false" variableLength="true" globbing="false" pipelineInput="False" position="named" aliases="none">
          <maml:name>Algorithm</maml:name>
          <maml:Description>
            <maml:para>Specifies the cryptographic hash function to use for computing the hash value of the contents of the specified file. A cryptographic hash function includes the property that it is not possible to find two distinct inputs that generate the same hash values. Hash functions are commonly used with digital signatures and for data integrity. The acceptable values for this parameter are:</maml:para>
            <maml:para>- SHA1</maml:para>
            <maml:para>- SHA256</maml:para>
            <maml:para>- SHA384</maml:para>
            <maml:para>- SHA512</maml:para>
            <maml:para>- MD5</maml:para>
            <maml:para></maml:para>
            <maml:para>If no value is specified, or if the parameter is omitted, the default value is SHA256.</maml:para>
            <maml:para>For security reasons, MD5 and SHA1, which are no longer considered secure, should only be used for simple change validation, and should not be used to generate hash values for files that require protection from attack or tampering.</maml:para>
          </maml:Description>
          <command:parameterValueGroup>
            <command:parameterValue required="false" command:variableLength="false">SHA1</command:parameterValue>
            <command:parameterValue required="false" command:variableLength="false">SHA256</command:parameterValue>
            <command:parameterValue required="false" command:variableLength="false">SHA384</command:parameterValue>
            <command:parameterValue required="false" command:variableLength="false">SHA512</command:parameterValue>
            <command:parameterValue required="false" command:variableLength="false">MD5</command:parameterValue>
          </command:parameterValueGroup>
          <command:parameterValue required="true" variableLength="false">String</command:parameterValue>
          <dev:type>
            <maml:name>String</maml:name>
            <maml:uri />
          </dev:type>
          <dev:defaultValue>None</dev:defaultValue>
        </command:parameter>
        <command:parameter required="true" variableLength="true" globbing="false" pipelineInput="False" position="named" aliases="none">
          <maml:name>InputStream</maml:name>
          <maml:Description>
            <maml:para>Specifies the input stream.</maml:para>
          </maml:Description>
          <command:parameterValue required="true" variableLength="false">Stream</command:parameterValue>
          <dev:type>
            <maml:name>Stream</maml:name>
            <maml:uri />
          </dev:type>
          <dev:defaultValue>None</dev:defaultValue>
        </command:parameter>
      </command:syntaxItem>
      <command:syntaxItem>
        <maml:name>Get-FileHash</maml:name>
        <command:parameter required="false" variableLength="true" globbing="false" pipelineInput="False" position="named" aliases="none">
          <maml:name>Algorithm</maml:name>
          <maml:Description>
            <maml:para>Specifies the cryptographic hash function to use for computing the hash value of the contents of the specified file. A cryptographic hash function includes the property that it is not possible to find two distinct inputs that generate the same hash values. Hash functions are commonly used with digital signatures and for data integrity. The acceptable values for this parameter are:</maml:para>
            <maml:para>- SHA1</maml:para>
            <maml:para>- SHA256</maml:para>
            <maml:para>- SHA384</maml:para>
            <maml:para>- SHA512</maml:para>
            <maml:para>- MD5</maml:para>
            <maml:para></maml:para>
            <maml:para>If no value is specified, or if the parameter is omitted, the default value is SHA256.</maml:para>
            <maml:para>For security reasons, MD5 and SHA1, which are no longer considered secure, should only be used for simple change validation, and should not be used to generate hash values for files that require protection from attack or tampering.</maml:para>
          </maml:Description>
          <command:parameterValueGroup>
            <command:parameterValue required="false" command:variableLength="false">SHA1</command:parameterValue>
            <command:parameterValue required="false" command:variableLength="false">SHA256</command:parameterValue>
            <command:parameterValue required="false" command:variableLength="false">SHA384</command:parameterValue>
            <command:parameterValue required="false" command:variableLength="false">SHA512</command:parameterValue>
            <command:parameterValue required="false" command:variableLength="false">MD5</command:parameterValue>
          </command:parameterValueGroup>
          <command:parameterValue required="true" variableLength="false">String</command:parameterValue>
          <dev:type>
            <maml:name>String</maml:name>
            <maml:uri />
          </dev:type>
          <dev:defaultValue>None</dev:defaultValue>
        </command:parameter>
        <command:parameter required="true" variableLength="true" globbing="false" pipelineInput="True (ByPropertyName)" position="named" aliases="PSPath">
          <maml:name>LiteralPath</maml:name>
          <maml:Description>
            <maml:para>Specifies the path to a file. Unlike the Path parameter, the value of the LiteralPath parameter is used exactly as it is typed. No characters are interpreted as wildcard characters. If the path includes escape characters, enclose the path in single quotation marks. Single quotation marks instruct PowerShell not to interpret characters as escape sequences.</maml:para>
          </maml:Description>
          <command:parameterValue required="true" variableLength="false">String[]</command:parameterValue>
          <dev:type>
            <maml:name>String[]</maml:name>
            <maml:uri />
          </dev:type>
          <dev:defaultValue>None</dev:defaultValue>
        </command:parameter>
      </command:syntaxItem>
      <command:syntaxItem>
        <maml:name>Get-FileHash</maml:name>
        <command:parameter required="true" variableLength="true" globbing="false" pipelineInput="False" position="0" aliases="none">
          <maml:name>Path</maml:name>
          <maml:Description>
            <maml:para>Specifies the path to one or more files as an array. Wildcard characters are permitted.</maml:para>
          </maml:Description>
          <command:parameterValue required="true" variableLength="false">String[]</command:parameterValue>
          <dev:type>
            <maml:name>String[]</maml:name>
            <maml:uri />
          </dev:type>
          <dev:defaultValue>None</dev:defaultValue>
        </command:parameter>
        <command:parameter required="false" variableLength="true" globbing="false" pipelineInput="False" position="named" aliases="none">
          <maml:name>Algorithm</maml:name>
          <maml:Description>
            <maml:para>Specifies the cryptographic hash function to use for computing the hash value of the contents of the specified file. A cryptographic hash function includes the property that it is not possible to find two distinct inputs that generate the same hash values. Hash functions are commonly used with digital signatures and for data integrity. The acceptable values for this parameter are:</maml:para>
            <maml:para>- SHA1</maml:para>
            <maml:para>- SHA256</maml:para>
            <maml:para>- SHA384</maml:para>
            <maml:para>- SHA512</maml:para>
            <maml:para>- MD5</maml:para>
            <maml:para></maml:para>
            <maml:para>If no value is specified, or if the parameter is omitted, the default value is SHA256.</maml:para>
            <maml:para>For security reasons, MD5 and SHA1, which are no longer considered secure, should only be used for simple change validation, and should not be used to generate hash values for files that require protection from attack or tampering.</maml:para>
          </maml:Description>
          <command:parameterValueGroup>
            <command:parameterValue required="false" command:variableLength="false">SHA1</command:parameterValue>
            <command:parameterValue required="false" command:variableLength="false">SHA256</command:parameterValue>
            <command:parameterValue required="false" command:variableLength="false">SHA384</command:parameterValue>
            <command:parameterValue required="false" command:variableLength="false">SHA512</command:parameterValue>
            <command:parameterValue required="false" command:variableLength="false">MD5</command:parameterValue>
          </command:parameterValueGroup>
          <command:parameterValue required="true" variableLength="false">String</command:parameterValue>
          <dev:type>
            <maml:name>String</maml:name>
            <maml:uri />
          </dev:type>
          <dev:defaultValue>None</dev:defaultValue>
        </command:parameter>
      </command:syntaxItem>
    </command:syntax>
    <command:parameters>
      <command:parameter required="false" variableLength="true" globbing="false" pipelineInput="False" position="named" aliases="none">
        <maml:name>Algorithm</maml:name>
        <maml:Description>
          <maml:para>Specifies the cryptographic hash function to use for computing the hash value of the contents of the specified file. A cryptographic hash function includes the property that it is not possible to find two distinct inputs that generate the same hash values. Hash functions are commonly used with digital signatures and for data integrity. The acceptable values for this parameter are:</maml:para>
          <maml:para>- SHA1</maml:para>
          <maml:para>- SHA256</maml:para>
          <maml:para>- SHA384</maml:para>
          <maml:para>- SHA512</maml:para>
          <maml:para>- MD5</maml:para>
          <maml:para></maml:para>
          <maml:para>If no value is specified, or if the parameter is omitted, the default value is SHA256.</maml:para>
          <maml:para>For security reasons, MD5 and SHA1, which are no longer considered secure, should only be used for simple change validation, and should not be used to generate hash values for files that require protection from attack or tampering.</maml:para>
        </maml:Description>
        <command:parameterValue required="true" variableLength="false">String</command:parameterValue>
        <dev:type>
          <maml:name>String</maml:name>
          <maml:uri />
        </dev:type>
        <dev:defaultValue>None</dev:defaultValue>
      </command:parameter>
      <command:parameter required="true" variableLength="true" globbing="false" pipelineInput="False" position="named" aliases="none">
        <maml:name>InputStream</maml:name>
        <maml:Description>
          <maml:para>Specifies the input stream.</maml:para>
        </maml:Description>
        <command:parameterValue required="true" variableLength="false">Stream</command:parameterValue>
        <dev:type>
          <maml:name>Stream</maml:name>
          <maml:uri />
        </dev:type>
        <dev:defaultValue>None</dev:defaultValue>
      </command:parameter>
      <command:parameter required="true" variableLength="true" globbing="false" pipelineInput="True (ByPropertyName)" position="named" aliases="PSPath">
        <maml:name>LiteralPath</maml:name>
        <maml:Description>
          <maml:para>Specifies the path to a file. Unlike the Path parameter, the value of the LiteralPath parameter is used exactly as it is typed. No characters are interpreted as wildcard characters. If the path includes escape characters, enclose the path in single quotation marks. Single quotation marks instruct PowerShell not to interpret characters as escape sequences.</maml:para>
        </maml:Description>
        <command:parameterValue required="true" variableLength="false">String[]</command:parameterValue>
        <dev:type>
          <maml:name>String[]</maml:name>
          <maml:uri />
        </dev:type>
        <dev:defaultValue>None</dev:defaultValue>
      </command:parameter>
      <command:parameter required="true" variableLength="true" globbing="false" pipelineInput="False" position="0" aliases="none">
        <maml:name>Path</maml:name>
        <maml:Description>
          <maml:para>Specifies the path to one or more files as an array. Wildcard characters are permitted.</maml:para>
        </maml:Description>
        <command:parameterValue required="true" variableLength="false">String[]</command:parameterValue>
        <dev:type>
          <maml:name>String[]</maml:name>
          <maml:uri />
        </dev:type>
        <dev:defaultValue>None</dev:defaultValue>
      </command:parameter>
    </command:parameters>
    <command:inputTypes>
      <command:inputType>
        <dev:type>
          <maml:name>System.String</maml:name>
        </dev:type>
        <maml:description>
          <maml:para>You can pipe a string to the Get-FileHash cmdlet that contains a path to one or more files.</maml:para>
        </maml:description>
      </command:inputType>
    </command:inputTypes>
    <command:returnValues>
      <command:returnValue>
        <dev:type>
          <maml:name>Microsoft.Powershell.Utility.FileHash</maml:name>
        </dev:type>
        <maml:description>
          <maml:para>Get-FileHash returns an object that represents the path to the specified file, the value of the computed hash, and the algorithm used to compute the hash.</maml:para>
        </maml:description>
      </command:returnValue>
    </command:returnValues>
    <maml:alertSet>
      <maml:alert>
        <maml:para></maml:para>
      </maml:alert>
    </maml:alertSet>
    <command:examples>
      <command:example>
        <maml:title>- Example 1: Compute the hash value for a PowerShell.exe file -</maml:title>
        <dev:code>PS C:\&gt; Get-FileHash $pshome\powershell.exe | Format-List
Algorithm : SHA256
Hash      : 6A785ADC0263238DAB3EB37F4C185C8FBA7FEB5D425D034CA9864F1BE1C1B473
Path      : C:\Windows\System32\WindowsPowerShell\v1.0\powershell.exe</dev:code>
        <dev:remarks>
          <maml:para>This command uses the Get-FileHash cmdlet to compute the hash value for the Powershell.exe file. The hash algorithm used is the default, SHA256. The output is piped to the Format-List cmdlet to format the output as a list.</maml:para>
        </dev:remarks>
      </command:example>
      <command:example>
        <maml:title>------ Example 2: Compute the hash value for an ISO file ------</maml:title>
        <dev:code>PS C:\&gt; Get-FileHash C:\Users\Andris\Downloads\Contoso8_1_ENT.iso -Algorithm SHA384 | Format-List

Algorithm : SHA384
Hash      : 20AB1C2EE19FC96A7C66E33917D191A24E3CE9DAC99DB7C786ACCE31E559144FEAFC695C58E508E2EBBC9D3C96F21FA3
Path      : C:\Users\Andris\Downloads\Contoso8_1_ENT.iso</dev:code>
        <dev:remarks>
          <maml:para>This command uses the Get-FileHash cmdlet and the SHA384 algorithm to compute the hash value for an ISO file that an administrator has downloaded from the Internet. The output is piped to the Format-List cmdlet to format the output as a list.</maml:para>
        </dev:remarks>
      </command:example>
      <command:example>
        <maml:title>Example 3: Compute the hash value of a stream and compare the procedure with getting the hash from the file directly</maml:title>
        <dev:code># Path of Microsoft.PowerShell.Utility.psd1
$file = (Get-Module Microsoft.PowerShell.Utility).Path

$hashFromFile = Get-FileHash -Path $file -Algorithm MD5

# Open $file as a stream
$stream = [System.IO.File]::OpenRead($file)
$hashFromStream = Get-FileHash -InputStream $stream -Algorithm MD5
$stream.Close()

Write-Host '### Hash from File ###' -NoNewline
$hashFromFile | Format-List
Write-Host '### Hash from Stream ###' -NoNewline
$hashFromStream | Format-List

# Check both hashes are the same
if ($hashFromFile.Hash -eq $hashFromStream.Hash) {
	Write-Host 'Get-FileHash results are consistent' -ForegroundColor Green
} else {
	Write-Host 'Get-FileHash results are inconsistent!!' -ForegroundColor Red
}

### Hash from File ###

Algorithm : MD5
Hash      : 593D6592BD9B7F9174711AB136F5E751
Path      : C:\Program Files\PowerShell\6.0.0\Modules\Microsoft.Powe
            rShell.Utility\Microsoft.PowerShell.Utility.psd1

### Hash from Stream ###

Algorithm : MD5
Hash      : 593D6592BD9B7F9174711AB136F5E751
Path      :

Get-FileHash results are consistent</dev:code>
        <dev:remarks>
          <maml:para></maml:para>
        </dev:remarks>
      </command:example>
    </command:examples>
    <command:relatedLinks>
      <maml:navigationLink>
        <maml:linkText>Online Version:</maml:linkText>
        <maml:uri>http://go.microsoft.com/fwlink/?LinkId=822413</maml:uri>
      </maml:navigationLink>
      <maml:navigationLink>
        <maml:linkText>Format-List</maml:linkText>
        <maml:uri></maml:uri>
      </maml:navigationLink>
    </command:relatedLinks>
  </command:command>
  <command:command xmlns:maml="http://schemas.microsoft.com/maml/2004/10" xmlns:command="http://schemas.microsoft.com/maml/dev/command/2004/10" xmlns:dev="http://schemas.microsoft.com/maml/dev/2004/10" xmlns:MSHelp="http://msdn.microsoft.com/mshelp">
    <command:details>
      <command:name>Import-PowerShellDataFile</command:name>
      <command:verb>Import</command:verb>
      <command:noun>PowerShellDataFile</command:noun>
      <maml:description>
        <maml:para>Imports values from a .PSD1 file without invoking its contents</maml:para>
      </maml:description>
    </command:details>
    <maml:description>
      <maml:para>The Import-PowerShellDataFile cmdlet returns a hashtable consisting of the key-value pairs in a .PSD1 file.</maml:para>
    </maml:description>
    <command:syntax>
      <command:syntaxItem>
        <maml:name>Import-PowerShellDataFile</maml:name>
        <command:parameter required="false" variableLength="true" globbing="false" pipelineInput="True (ByPropertyName)" position="named" aliases="PSPath">
          <maml:name>LiteralPath</maml:name>
          <maml:Description>
            <maml:para></maml:para>
          </maml:Description>
          <command:parameterValue required="true" variableLength="false">String[]</command:parameterValue>
          <dev:type>
            <maml:name>String[]</maml:name>
            <maml:uri />
          </dev:type>
          <dev:defaultValue>None</dev:defaultValue>
        </command:parameter>
      </command:syntaxItem>
      <command:syntaxItem>
        <maml:name>Import-PowerShellDataFile</maml:name>
        <command:parameter required="false" variableLength="true" globbing="false" pipelineInput="False" position="0" aliases="none">
          <maml:name>Path</maml:name>
          <maml:Description>
            <maml:para></maml:para>
          </maml:Description>
          <command:parameterValue required="true" variableLength="false">String[]</command:parameterValue>
          <dev:type>
            <maml:name>String[]</maml:name>
            <maml:uri />
          </dev:type>
          <dev:defaultValue>None</dev:defaultValue>
        </command:parameter>
      </command:syntaxItem>
    </command:syntax>
    <command:parameters>
      <command:parameter required="false" variableLength="true" globbing="false" pipelineInput="True (ByPropertyName)" position="named" aliases="PSPath">
        <maml:name>LiteralPath</maml:name>
        <maml:Description>
          <maml:para></maml:para>
        </maml:Description>
        <command:parameterValue required="true" variableLength="false">String[]</command:parameterValue>
        <dev:type>
          <maml:name>String[]</maml:name>
          <maml:uri />
        </dev:type>
        <dev:defaultValue>None</dev:defaultValue>
      </command:parameter>
      <command:parameter required="false" variableLength="true" globbing="false" pipelineInput="False" position="0" aliases="none">
        <maml:name>Path</maml:name>
        <maml:Description>
          <maml:para></maml:para>
        </maml:Description>
        <command:parameterValue required="true" variableLength="false">String[]</command:parameterValue>
        <dev:type>
          <maml:name>String[]</maml:name>
          <maml:uri />
        </dev:type>
        <dev:defaultValue>None</dev:defaultValue>
      </command:parameter>
    </command:parameters>
    <command:inputTypes />
    <command:returnValues />
    <maml:alertSet>
      <maml:alert>
        <maml:para>## RELATED LINKS</maml:para>
      </maml:alert>
    </maml:alertSet>
    <command:examples>
      <command:example>
        <maml:title>----------------- 1: Retrieve values from PSD1 -----------------</maml:title>
        <dev:code>PS C:\&gt; $content = Import-PowerShellDataFile .\Configuration.psd1
PS C:\&gt; $content
Name                           Value
----                           -----
key1                           value1
key2                           value2</dev:code>
        <dev:remarks>
          <maml:para>This examples retrieves the key-value pairs stored in the hashtable kept inside the Configuration.psd1 file.</maml:para>
        </dev:remarks>
      </command:example>
    </command:examples>
    <command:relatedLinks>
      <maml:navigationLink>
        <maml:linkText>Online Version:</maml:linkText>
        <maml:uri>http://go.microsoft.com/fwlink/?LinkId=821817</maml:uri>
      </maml:navigationLink>
    </command:relatedLinks>
  </command:command>
  <command:command xmlns:maml="http://schemas.microsoft.com/maml/2004/10" xmlns:command="http://schemas.microsoft.com/maml/dev/command/2004/10" xmlns:dev="http://schemas.microsoft.com/maml/dev/2004/10" xmlns:MSHelp="http://msdn.microsoft.com/mshelp">
    <command:details>
      <command:name>New-Guid</command:name>
      <command:verb>New</command:verb>
      <command:noun>Guid</command:noun>
      <maml:description>
        <maml:para>Creates a GUID.</maml:para>
      </maml:description>
    </command:details>
    <maml:description>
      <maml:para>The New-Guid cmdlet creates a random globally unique identifier (GUID). If you need a unique ID in a script, you can create a GUID, as needed.</maml:para>
    </maml:description>
    <command:syntax>
      <command:syntaxItem>
        <maml:name>New-Guid</maml:name>
      </command:syntaxItem>
    </command:syntax>
    <command:parameters />
    <command:inputTypes />
    <command:returnValues>
      <command:returnValue>
        <dev:type>
          <maml:name>System.Guid</maml:name>
        </dev:type>
        <maml:description>
          <maml:para>This cmdlet returns a GUID.</maml:para>
        </maml:description>
      </command:returnValue>
    </command:returnValues>
    <maml:alertSet>
      <maml:alert>
        <maml:para></maml:para>
      </maml:alert>
    </maml:alertSet>
    <command:examples>
      <command:example>
        <maml:title>------------------- Example 1: Create a GUID -------------------</maml:title>
        <dev:code>PS C:\&gt; New-Guid
Guid
----
0352cf0f-2e7a-4aee-801d-7f27f8344c77</dev:code>
        <dev:remarks>
          <maml:para>This command creates a random GUID. Alternatively, you could store the output of this cmdlet in a variable to use elsewhere in a script.</maml:para>
        </dev:remarks>
      </command:example>
    </command:examples>
    <command:relatedLinks>
      <maml:navigationLink>
        <maml:linkText>Online Version:</maml:linkText>
        <maml:uri>http://go.microsoft.com/fwlink/?LinkId=821834</maml:uri>
      </maml:navigationLink>
      <maml:navigationLink>
        <maml:linkText>Windows PowerShelll Utility Module</maml:linkText>
        <maml:uri>https://msdn.microsoft.com/en-us/powershell/reference/5.1/Microsoft.PowerShell.Utility/Microsoft.PowerShell.Utility</maml:uri>
      </maml:navigationLink>
    </command:relatedLinks>
  </command:command>
  <command:command xmlns:maml="http://schemas.microsoft.com/maml/2004/10" xmlns:command="http://schemas.microsoft.com/maml/dev/command/2004/10" xmlns:dev="http://schemas.microsoft.com/maml/dev/2004/10" xmlns:MSHelp="http://msdn.microsoft.com/mshelp">
    <command:details>
      <command:name>New-TemporaryFile</command:name>
      <command:verb>New</command:verb>
      <command:noun>TemporaryFile</command:noun>
      <maml:description>
        <maml:para>Creates a temporary file.</maml:para>
      </maml:description>
    </command:details>
    <maml:description>
      <maml:para>The New-TemporaryFile cmdlet creates an empty file that has the .tmp file name extension. This cmdlet names the file `tmp`NNNN`.tmp`, where NNNN is a random hexadecimal number. The cmdlet creates the file in your $Env:Temp folder.</maml:para>
      <maml:para>This cmdlet creates temporary files that you can use in scripts.</maml:para>
    </maml:description>
    <command:syntax>
      <command:syntaxItem>
        <maml:name>New-TemporaryFile</maml:name>
        <command:parameter required="false" variableLength="true" globbing="false" pipelineInput="False" position="named" aliases="cf">
          <maml:name>Confirm</maml:name>
          <maml:Description>
            <maml:para>Prompts you for confirmation before running the cmdlet.</maml:para>
          </maml:Description>
          <dev:type>
            <maml:name>SwitchParameter</maml:name>
            <maml:uri />
          </dev:type>
          <dev:defaultValue>False</dev:defaultValue>
        </command:parameter>
        <command:parameter required="false" variableLength="true" globbing="false" pipelineInput="False" position="named" aliases="wi">
          <maml:name>WhatIf</maml:name>
          <maml:Description>
            <maml:para>Shows what would happen if the cmdlet runs. The cmdlet is not run.</maml:para>
          </maml:Description>
          <dev:type>
            <maml:name>SwitchParameter</maml:name>
            <maml:uri />
          </dev:type>
          <dev:defaultValue>False</dev:defaultValue>
        </command:parameter>
      </command:syntaxItem>
    </command:syntax>
    <command:parameters>
      <command:parameter required="false" variableLength="true" globbing="false" pipelineInput="False" position="named" aliases="cf">
        <maml:name>Confirm</maml:name>
        <maml:Description>
          <maml:para>Prompts you for confirmation before running the cmdlet.</maml:para>
        </maml:Description>
        <command:parameterValue required="false" variableLength="false">SwitchParameter</command:parameterValue>
        <dev:type>
          <maml:name>SwitchParameter</maml:name>
          <maml:uri />
        </dev:type>
        <dev:defaultValue>False</dev:defaultValue>
      </command:parameter>
      <command:parameter required="false" variableLength="true" globbing="false" pipelineInput="False" position="named" aliases="wi">
        <maml:name>WhatIf</maml:name>
        <maml:Description>
          <maml:para>Shows what would happen if the cmdlet runs. The cmdlet is not run.</maml:para>
        </maml:Description>
        <command:parameterValue required="false" variableLength="false">SwitchParameter</command:parameterValue>
        <dev:type>
          <maml:name>SwitchParameter</maml:name>
          <maml:uri />
        </dev:type>
        <dev:defaultValue>False</dev:defaultValue>
      </command:parameter>
    </command:parameters>
    <command:inputTypes />
    <command:returnValues>
      <command:returnValue>
        <dev:type>
          <maml:name>System.IO.FileInfo</maml:name>
        </dev:type>
        <maml:description>
          <maml:para>This cmdlet returns a FileInfo object that represents the temporary file.</maml:para>
        </maml:description>
      </command:returnValue>
    </command:returnValues>
    <maml:alertSet>
      <maml:alert>
        <maml:para>## RELATED LINKS</maml:para>
      </maml:alert>
    </maml:alertSet>
    <command:examples>
      <command:example>
        <maml:title>-------------- Example 1: Create a temporary file --------------</maml:title>
        <dev:code>PS C:\&gt; $TempFile = New-TemporaryFile</dev:code>
        <dev:remarks>
          <maml:para>This command generates a .tmp file in your temporary folder, and then stores a reference to the file in the $TempFile variable. You can use this file later in your script.</maml:para>
        </dev:remarks>
      </command:example>
    </command:examples>
    <command:relatedLinks>
      <maml:navigationLink>
        <maml:linkText>Online Version:</maml:linkText>
        <maml:uri>http://go.microsoft.com/fwlink/?LinkId=821836</maml:uri>
      </maml:navigationLink>
    </command:relatedLinks>
  </command:command>
</helpItems>