﻿<?xml version="1.0" encoding="utf-8"?>
<helpItems schema="maml" xmlns="http://msh">
  <command:command xmlns:maml="http://schemas.microsoft.com/maml/2004/10" xmlns:command="http://schemas.microsoft.com/maml/dev/command/2004/10" xmlns:dev="http://schemas.microsoft.com/maml/dev/2004/10" xmlns:MSHelp="http://msdn.microsoft.com/mshelp">
    <command:details>
      <command:name>Get-WinEvent</command:name>
      <command:verb>Get</command:verb>
      <command:noun>WinEvent</command:noun>
      <maml:description>
        <maml:para>Gets events from event logs and event tracing log files on local and remote computers.</maml:para>
      </maml:description>
    </command:details>
    <maml:description>
      <maml:para>The Get-WinEvent cmdlet gets events from event logs, including classic logs, such as the System and Application logs, and the event logs that are generated by the Windows Event Log technology introduced in Windows Vista. It also gets events in log files generated by Event Tracing for Windows (ETW).</maml:para>
      <maml:para>Without parameters, a Get-WinEvent command gets all the events from all the event logs on the computer. To interrupt the command, press CTRL + C. Get-WinEvent also lists event logs and event log providers. You can get events from selected logs or from logs generated by selected event providers. And, you can combine events from multiple sources in a single command. This cmdlet allows you to filter events by using XPath queries, structured XML queries, and simplified hash-table queries.</maml:para>
    </maml:description>
    <command:syntax>
      <command:syntaxItem>
        <maml:name>Get-WinEvent</maml:name>
        <command:parameter required="false" variableLength="true" globbing="true" pipelineInput="True (ByPropertyName, ByValue)" position="1" aliases="none">
          <maml:name>LogName</maml:name>
          <maml:Description>
            <maml:para>Specifies the event logs that this cmdlet get events from. Enter the event log names in a comma-separated list. Wildcards are permitted. You can also pipe log names to the Get-WinEvent cmdlet .</maml:para>
          </maml:Description>
          <command:parameterValue required="true" variableLength="false">String[]</command:parameterValue>
          <dev:type>
            <maml:name>String[]</maml:name>
            <maml:uri />
          </dev:type>
          <dev:defaultValue>None</dev:defaultValue>
        </command:parameter>
        <command:parameter required="false" variableLength="true" globbing="false" pipelineInput="False" position="named" aliases="Cn">
          <maml:name>ComputerName</maml:name>
          <maml:Description>
            <maml:para>Specifies the name of the computer that this cmdlet gets events from the event logs. Type the NetBIOS name, an Internet Protocol (IP) address, or the fully qualified domain name of the computer. The default value is the local computer.</maml:para>
            <maml:para>This parameter accepts only one computer name at a time. For more information about this parameter, see the examples.</maml:para>
            <maml:para>To get events and event logs from remote computers, the firewall port for the event log service must be configured to allow remote access.</maml:para>
            <maml:para>This cmdlet does not rely on PowerShell remoting. You can use the ComputerName parameter even if your computer is not configured to run remote commands.</maml:para>
          </maml:Description>
          <command:parameterValue required="true" variableLength="false">String</command:parameterValue>
          <dev:type>
            <maml:name>String</maml:name>
            <maml:uri />
          </dev:type>
          <dev:defaultValue>Local computer</dev:defaultValue>
        </command:parameter>
        <command:parameter required="false" variableLength="true" globbing="false" pipelineInput="False" position="named" aliases="none">
          <maml:name>Credential</maml:name>
          <maml:Description>
            <maml:para>Specifies a user account that has permission to perform this action. The default value is the current user.</maml:para>
            <maml:para>Type a user name, such as User01 or Domain01\User01. Or, enter a PSCredential object, such as one generated by the Get-Credential cmdlet. If you type a user name, you are prompted for a password. If you type only the parameter name, you are prompted for both a user name and a password.</maml:para>
          </maml:Description>
          <command:parameterValue required="true" variableLength="false">PSCredential</command:parameterValue>
          <dev:type>
            <maml:name>PSCredential</maml:name>
            <maml:uri />
          </dev:type>
          <dev:defaultValue>Current user</dev:defaultValue>
        </command:parameter>
        <command:parameter required="false" variableLength="true" globbing="false" pipelineInput="False" position="named" aliases="none">
          <maml:name>FilterXPath</maml:name>
          <maml:Description>
            <maml:para>Specifies an XPath query that this cmdlet select events from one or more logs.</maml:para>
            <maml:para>For more information about the XPath language, see XPath Reference (https://msdn.microsoft.com/library/ms256115) and the Selection Filters section of the [Event Selection](https://msdn.microsoft.com/library/aa385231)in the MSDN library.</maml:para>
          </maml:Description>
          <command:parameterValue required="true" variableLength="false">String</command:parameterValue>
          <dev:type>
            <maml:name>String</maml:name>
            <maml:uri />
          </dev:type>
          <dev:defaultValue>None</dev:defaultValue>
        </command:parameter>
        <command:parameter required="false" variableLength="true" globbing="false" pipelineInput="False" position="named" aliases="none">
          <maml:name>Force</maml:name>
          <maml:Description>
            <maml:para>Gets debug and analytic logs, in addition to other event logs. The Force parameter is required to get a debug or analytic log when the value of the name parameter includes wildcard characters.</maml:para>
            <maml:para>By default, the Get-WinEvent cmdlet excludes these logs unless you specify the full name of a debug or analytic log.</maml:para>
          </maml:Description>
          <dev:type>
            <maml:name>SwitchParameter</maml:name>
            <maml:uri />
          </dev:type>
          <dev:defaultValue>False</dev:defaultValue>
        </command:parameter>
        <command:parameter required="false" variableLength="true" globbing="false" pipelineInput="False" position="named" aliases="none">
          <maml:name>MaxEvents</maml:name>
          <maml:Description>
            <maml:para>Specifies the maximum number of events that this cmdlet gets. Enter an integer. The default is to return all the events in the logs or files.</maml:para>
          </maml:Description>
          <command:parameterValue required="true" variableLength="false">Int64</command:parameterValue>
          <dev:type>
            <maml:name>Int64</maml:name>
            <maml:uri />
          </dev:type>
          <dev:defaultValue>None</dev:defaultValue>
        </command:parameter>
        <command:parameter required="false" variableLength="true" globbing="false" pipelineInput="False" position="named" aliases="none">
          <maml:name>Oldest</maml:name>
          <maml:Description>
            <maml:para>Indicate that this cmdlet gets the events in oldest-first order. By default, events are returned in newest-first order.</maml:para>
            <maml:para>This parameter is required to get events from .etl and .evt files and from debug and analytic logs. In these files, events are recorded in oldest-first order, and the events can be returned only in oldest-first order.</maml:para>
          </maml:Description>
          <dev:type>
            <maml:name>SwitchParameter</maml:name>
            <maml:uri />
          </dev:type>
          <dev:defaultValue>False</dev:defaultValue>
        </command:parameter>
      </command:syntaxItem>
      <command:syntaxItem>
        <maml:name>Get-WinEvent</maml:name>
        <command:parameter required="true" variableLength="true" globbing="true" pipelineInput="False" position="1" aliases="none">
          <maml:name>ListLog</maml:name>
          <maml:Description>
            <maml:para>Specifies the event logs. Enter the event log names in a comma-separated list. Wildcards are permitted. To get all the logs, enter a value of *.</maml:para>
          </maml:Description>
          <command:parameterValue required="true" variableLength="false">String[]</command:parameterValue>
          <dev:type>
            <maml:name>String[]</maml:name>
            <maml:uri />
          </dev:type>
          <dev:defaultValue>None</dev:defaultValue>
        </command:parameter>
        <command:parameter required="false" variableLength="true" globbing="false" pipelineInput="False" position="named" aliases="Cn">
          <maml:name>ComputerName</maml:name>
          <maml:Description>
            <maml:para>Specifies the name of the computer that this cmdlet gets events from the event logs. Type the NetBIOS name, an Internet Protocol (IP) address, or the fully qualified domain name of the computer. The default value is the local computer.</maml:para>
            <maml:para>This parameter accepts only one computer name at a time. For more information about this parameter, see the examples.</maml:para>
            <maml:para>To get events and event logs from remote computers, the firewall port for the event log service must be configured to allow remote access.</maml:para>
            <maml:para>This cmdlet does not rely on PowerShell remoting. You can use the ComputerName parameter even if your computer is not configured to run remote commands.</maml:para>
          </maml:Description>
          <command:parameterValue required="true" variableLength="false">String</command:parameterValue>
          <dev:type>
            <maml:name>String</maml:name>
            <maml:uri />
          </dev:type>
          <dev:defaultValue>Local computer</dev:defaultValue>
        </command:parameter>
        <command:parameter required="false" variableLength="true" globbing="false" pipelineInput="False" position="named" aliases="none">
          <maml:name>Credential</maml:name>
          <maml:Description>
            <maml:para>Specifies a user account that has permission to perform this action. The default value is the current user.</maml:para>
            <maml:para>Type a user name, such as User01 or Domain01\User01. Or, enter a PSCredential object, such as one generated by the Get-Credential cmdlet. If you type a user name, you are prompted for a password. If you type only the parameter name, you are prompted for both a user name and a password.</maml:para>
          </maml:Description>
          <command:parameterValue required="true" variableLength="false">PSCredential</command:parameterValue>
          <dev:type>
            <maml:name>PSCredential</maml:name>
            <maml:uri />
          </dev:type>
          <dev:defaultValue>Current user</dev:defaultValue>
        </command:parameter>
        <command:parameter required="false" variableLength="true" globbing="false" pipelineInput="False" position="named" aliases="none">
          <maml:name>Force</maml:name>
          <maml:Description>
            <maml:para>Gets debug and analytic logs, in addition to other event logs. The Force parameter is required to get a debug or analytic log when the value of the name parameter includes wildcard characters.</maml:para>
            <maml:para>By default, the Get-WinEvent cmdlet excludes these logs unless you specify the full name of a debug or analytic log.</maml:para>
          </maml:Description>
          <dev:type>
            <maml:name>SwitchParameter</maml:name>
            <maml:uri />
          </dev:type>
          <dev:defaultValue>False</dev:defaultValue>
        </command:parameter>
      </command:syntaxItem>
      <command:syntaxItem>
        <maml:name>Get-WinEvent</maml:name>
        <command:parameter required="true" variableLength="true" globbing="true" pipelineInput="False" position="1" aliases="none">
          <maml:name>ListProvider</maml:name>
          <maml:Description>
            <maml:para>Specifies the event log providers that this cmdlet gets. An event log provider is a program or service that writes events to the event log.</maml:para>
            <maml:para>Enter the provider names in a comma-separated list. Wildcards are permitted. To get the providers of all the event logs on the computer, enter a value of *.</maml:para>
          </maml:Description>
          <command:parameterValue required="true" variableLength="false">String[]</command:parameterValue>
          <dev:type>
            <maml:name>String[]</maml:name>
            <maml:uri />
          </dev:type>
          <dev:defaultValue>None</dev:defaultValue>
        </command:parameter>
        <command:parameter required="false" variableLength="true" globbing="false" pipelineInput="False" position="named" aliases="Cn">
          <maml:name>ComputerName</maml:name>
          <maml:Description>
            <maml:para>Specifies the name of the computer that this cmdlet gets events from the event logs. Type the NetBIOS name, an Internet Protocol (IP) address, or the fully qualified domain name of the computer. The default value is the local computer.</maml:para>
            <maml:para>This parameter accepts only one computer name at a time. For more information about this parameter, see the examples.</maml:para>
            <maml:para>To get events and event logs from remote computers, the firewall port for the event log service must be configured to allow remote access.</maml:para>
            <maml:para>This cmdlet does not rely on PowerShell remoting. You can use the ComputerName parameter even if your computer is not configured to run remote commands.</maml:para>
          </maml:Description>
          <command:parameterValue required="true" variableLength="false">String</command:parameterValue>
          <dev:type>
            <maml:name>String</maml:name>
            <maml:uri />
          </dev:type>
          <dev:defaultValue>Local computer</dev:defaultValue>
        </command:parameter>
        <command:parameter required="false" variableLength="true" globbing="false" pipelineInput="False" position="named" aliases="none">
          <maml:name>Credential</maml:name>
          <maml:Description>
            <maml:para>Specifies a user account that has permission to perform this action. The default value is the current user.</maml:para>
            <maml:para>Type a user name, such as User01 or Domain01\User01. Or, enter a PSCredential object, such as one generated by the Get-Credential cmdlet. If you type a user name, you are prompted for a password. If you type only the parameter name, you are prompted for both a user name and a password.</maml:para>
          </maml:Description>
          <command:parameterValue required="true" variableLength="false">PSCredential</command:parameterValue>
          <dev:type>
            <maml:name>PSCredential</maml:name>
            <maml:uri />
          </dev:type>
          <dev:defaultValue>Current user</dev:defaultValue>
        </command:parameter>
      </command:syntaxItem>
      <command:syntaxItem>
        <maml:name>Get-WinEvent</maml:name>
        <command:parameter required="true" variableLength="true" globbing="true" pipelineInput="True (ByPropertyName)" position="1" aliases="none">
          <maml:name>ProviderName</maml:name>
          <maml:Description>
            <maml:para>Specifies, as a string array, the event log providers from which this cmdlet gets events. Enter the provider names in a comma-separated list, or use wildcard characters to create provider name patterns.</maml:para>
            <maml:para>An event log provider is a program or service that writes events to the event log. It is not a PowerShell provider.</maml:para>
          </maml:Description>
          <command:parameterValue required="true" variableLength="false">String[]</command:parameterValue>
          <dev:type>
            <maml:name>String[]</maml:name>
            <maml:uri />
          </dev:type>
          <dev:defaultValue>None</dev:defaultValue>
        </command:parameter>
        <command:parameter required="false" variableLength="true" globbing="false" pipelineInput="False" position="named" aliases="Cn">
          <maml:name>ComputerName</maml:name>
          <maml:Description>
            <maml:para>Specifies the name of the computer that this cmdlet gets events from the event logs. Type the NetBIOS name, an Internet Protocol (IP) address, or the fully qualified domain name of the computer. The default value is the local computer.</maml:para>
            <maml:para>This parameter accepts only one computer name at a time. For more information about this parameter, see the examples.</maml:para>
            <maml:para>To get events and event logs from remote computers, the firewall port for the event log service must be configured to allow remote access.</maml:para>
            <maml:para>This cmdlet does not rely on PowerShell remoting. You can use the ComputerName parameter even if your computer is not configured to run remote commands.</maml:para>
          </maml:Description>
          <command:parameterValue required="true" variableLength="false">String</command:parameterValue>
          <dev:type>
            <maml:name>String</maml:name>
            <maml:uri />
          </dev:type>
          <dev:defaultValue>Local computer</dev:defaultValue>
        </command:parameter>
        <command:parameter required="false" variableLength="true" globbing="false" pipelineInput="False" position="named" aliases="none">
          <maml:name>Credential</maml:name>
          <maml:Description>
            <maml:para>Specifies a user account that has permission to perform this action. The default value is the current user.</maml:para>
            <maml:para>Type a user name, such as User01 or Domain01\User01. Or, enter a PSCredential object, such as one generated by the Get-Credential cmdlet. If you type a user name, you are prompted for a password. If you type only the parameter name, you are prompted for both a user name and a password.</maml:para>
          </maml:Description>
          <command:parameterValue required="true" variableLength="false">PSCredential</command:parameterValue>
          <dev:type>
            <maml:name>PSCredential</maml:name>
            <maml:uri />
          </dev:type>
          <dev:defaultValue>Current user</dev:defaultValue>
        </command:parameter>
        <command:parameter required="false" variableLength="true" globbing="false" pipelineInput="False" position="named" aliases="none">
          <maml:name>FilterXPath</maml:name>
          <maml:Description>
            <maml:para>Specifies an XPath query that this cmdlet select events from one or more logs.</maml:para>
            <maml:para>For more information about the XPath language, see XPath Reference (https://msdn.microsoft.com/library/ms256115) and the Selection Filters section of the [Event Selection](https://msdn.microsoft.com/library/aa385231)in the MSDN library.</maml:para>
          </maml:Description>
          <command:parameterValue required="true" variableLength="false">String</command:parameterValue>
          <dev:type>
            <maml:name>String</maml:name>
            <maml:uri />
          </dev:type>
          <dev:defaultValue>None</dev:defaultValue>
        </command:parameter>
        <command:parameter required="false" variableLength="true" globbing="false" pipelineInput="False" position="named" aliases="none">
          <maml:name>Force</maml:name>
          <maml:Description>
            <maml:para>Gets debug and analytic logs, in addition to other event logs. The Force parameter is required to get a debug or analytic log when the value of the name parameter includes wildcard characters.</maml:para>
            <maml:para>By default, the Get-WinEvent cmdlet excludes these logs unless you specify the full name of a debug or analytic log.</maml:para>
          </maml:Description>
          <dev:type>
            <maml:name>SwitchParameter</maml:name>
            <maml:uri />
          </dev:type>
          <dev:defaultValue>False</dev:defaultValue>
        </command:parameter>
        <command:parameter required="false" variableLength="true" globbing="false" pipelineInput="False" position="named" aliases="none">
          <maml:name>MaxEvents</maml:name>
          <maml:Description>
            <maml:para>Specifies the maximum number of events that this cmdlet gets. Enter an integer. The default is to return all the events in the logs or files.</maml:para>
          </maml:Description>
          <command:parameterValue required="true" variableLength="false">Int64</command:parameterValue>
          <dev:type>
            <maml:name>Int64</maml:name>
            <maml:uri />
          </dev:type>
          <dev:defaultValue>None</dev:defaultValue>
        </command:parameter>
        <command:parameter required="false" variableLength="true" globbing="false" pipelineInput="False" position="named" aliases="none">
          <maml:name>Oldest</maml:name>
          <maml:Description>
            <maml:para>Indicate that this cmdlet gets the events in oldest-first order. By default, events are returned in newest-first order.</maml:para>
            <maml:para>This parameter is required to get events from .etl and .evt files and from debug and analytic logs. In these files, events are recorded in oldest-first order, and the events can be returned only in oldest-first order.</maml:para>
          </maml:Description>
          <dev:type>
            <maml:name>SwitchParameter</maml:name>
            <maml:uri />
          </dev:type>
          <dev:defaultValue>False</dev:defaultValue>
        </command:parameter>
      </command:syntaxItem>
      <command:syntaxItem>
        <maml:name>Get-WinEvent</maml:name>
        <command:parameter required="true" variableLength="true" globbing="false" pipelineInput="False" position="1" aliases="none">
          <maml:name>FilterHashtable</maml:name>
          <maml:Description>
            <maml:para>Specifies a query in hash table format to select events from one or more event logs. The query contains a hash table with one or more key-value pairs.</maml:para>
            <maml:para>Hash table queries have the following rules:</maml:para>
            <maml:para>- Keys and values are case-insensitive.</maml:para>
            <maml:para>- Wildcard characters are valid only in the values associated with the LogName and ProviderName keys.</maml:para>
            <maml:para>- Each key can be listed only once in each hash-table.</maml:para>
            <maml:para>- The Path value takes paths to .etl, .evt, and .evtx log files.</maml:para>
            <maml:para>- The LogName, Path, and ProviderName keys can be used in the same query.</maml:para>
            <maml:para>- The UserID key can take a valid security identifier (SID) or a domain account name that can be used to construct a valid System.Security.Principal.NTAccount object.</maml:para>
            <maml:para>- The Data value takes event data in an unnamed field. This is for events in classic event logs.</maml:para>
            <maml:para>- The * key represents a named event data field.</maml:para>
            <maml:para></maml:para>
            <maml:para>When Get-WinEvent cannot interpret a key-value pair, it interprets the key as a case-sensitive name for the event data in the event.</maml:para>
            <maml:para>The valid key-value pairs are as follows:</maml:para>
            <maml:para>- LogName=&lt;String[]&gt;</maml:para>
            <maml:para>- ProviderName=&lt;String[]&gt;</maml:para>
            <maml:para>- Path=&lt;String[]&gt;</maml:para>
            <maml:para>- Keywords=&lt;Long[]&gt;</maml:para>
            <maml:para>- ID=&lt;Int32[]&gt;</maml:para>
            <maml:para>- Level=&lt;Int32[]&gt;</maml:para>
            <maml:para>- StartTime=&lt;DateTime&gt;</maml:para>
            <maml:para>- EndTime=&lt;DataTime&gt;</maml:para>
            <maml:para>- UserID=&lt;SID&gt;</maml:para>
            <maml:para>- Data=&lt;String[]&gt;</maml:para>
            <maml:para>- *=&lt;String[]&gt;</maml:para>
          </maml:Description>
          <command:parameterValue required="true" variableLength="false">Hashtable[]</command:parameterValue>
          <dev:type>
            <maml:name>Hashtable[]</maml:name>
            <maml:uri />
          </dev:type>
          <dev:defaultValue>None</dev:defaultValue>
        </command:parameter>
        <command:parameter required="false" variableLength="true" globbing="false" pipelineInput="False" position="named" aliases="Cn">
          <maml:name>ComputerName</maml:name>
          <maml:Description>
            <maml:para>Specifies the name of the computer that this cmdlet gets events from the event logs. Type the NetBIOS name, an Internet Protocol (IP) address, or the fully qualified domain name of the computer. The default value is the local computer.</maml:para>
            <maml:para>This parameter accepts only one computer name at a time. For more information about this parameter, see the examples.</maml:para>
            <maml:para>To get events and event logs from remote computers, the firewall port for the event log service must be configured to allow remote access.</maml:para>
            <maml:para>This cmdlet does not rely on PowerShell remoting. You can use the ComputerName parameter even if your computer is not configured to run remote commands.</maml:para>
          </maml:Description>
          <command:parameterValue required="true" variableLength="false">String</command:parameterValue>
          <dev:type>
            <maml:name>String</maml:name>
            <maml:uri />
          </dev:type>
          <dev:defaultValue>Local computer</dev:defaultValue>
        </command:parameter>
        <command:parameter required="false" variableLength="true" globbing="false" pipelineInput="False" position="named" aliases="none">
          <maml:name>Credential</maml:name>
          <maml:Description>
            <maml:para>Specifies a user account that has permission to perform this action. The default value is the current user.</maml:para>
            <maml:para>Type a user name, such as User01 or Domain01\User01. Or, enter a PSCredential object, such as one generated by the Get-Credential cmdlet. If you type a user name, you are prompted for a password. If you type only the parameter name, you are prompted for both a user name and a password.</maml:para>
          </maml:Description>
          <command:parameterValue required="true" variableLength="false">PSCredential</command:parameterValue>
          <dev:type>
            <maml:name>PSCredential</maml:name>
            <maml:uri />
          </dev:type>
          <dev:defaultValue>Current user</dev:defaultValue>
        </command:parameter>
        <command:parameter required="false" variableLength="true" globbing="false" pipelineInput="False" position="named" aliases="none">
          <maml:name>Force</maml:name>
          <maml:Description>
            <maml:para>Gets debug and analytic logs, in addition to other event logs. The Force parameter is required to get a debug or analytic log when the value of the name parameter includes wildcard characters.</maml:para>
            <maml:para>By default, the Get-WinEvent cmdlet excludes these logs unless you specify the full name of a debug or analytic log.</maml:para>
          </maml:Description>
          <dev:type>
            <maml:name>SwitchParameter</maml:name>
            <maml:uri />
          </dev:type>
          <dev:defaultValue>False</dev:defaultValue>
        </command:parameter>
        <command:parameter required="false" variableLength="true" globbing="false" pipelineInput="False" position="named" aliases="none">
          <maml:name>MaxEvents</maml:name>
          <maml:Description>
            <maml:para>Specifies the maximum number of events that this cmdlet gets. Enter an integer. The default is to return all the events in the logs or files.</maml:para>
          </maml:Description>
          <command:parameterValue required="true" variableLength="false">Int64</command:parameterValue>
          <dev:type>
            <maml:name>Int64</maml:name>
            <maml:uri />
          </dev:type>
          <dev:defaultValue>None</dev:defaultValue>
        </command:parameter>
        <command:parameter required="false" variableLength="true" globbing="false" pipelineInput="False" position="named" aliases="none">
          <maml:name>Oldest</maml:name>
          <maml:Description>
            <maml:para>Indicate that this cmdlet gets the events in oldest-first order. By default, events are returned in newest-first order.</maml:para>
            <maml:para>This parameter is required to get events from .etl and .evt files and from debug and analytic logs. In these files, events are recorded in oldest-first order, and the events can be returned only in oldest-first order.</maml:para>
          </maml:Description>
          <dev:type>
            <maml:name>SwitchParameter</maml:name>
            <maml:uri />
          </dev:type>
          <dev:defaultValue>False</dev:defaultValue>
        </command:parameter>
      </command:syntaxItem>
      <command:syntaxItem>
        <maml:name>Get-WinEvent</maml:name>
        <command:parameter required="true" variableLength="true" globbing="false" pipelineInput="False" position="1" aliases="none">
          <maml:name>FilterXml</maml:name>
          <maml:Description>
            <maml:para>Specifies a structured XML query that this cmdlet selects events from one or more event logs.</maml:para>
            <maml:para>To generate a valid XML query, use the Create Custom View and Filter Current Log features in Event Viewer. Use the items in the dialog box to create a query, and then click the XML tab to view the query in XML format. You can copy the XML from the XML tab into the value of the FilterXml parameter. For more information about the Event Viewer features, see Event Viewer Help.</maml:para>
            <maml:para>Typically, you use an XML query to create a complex query that contains several XPath statements. The XML format also allows you to use a "Suppress" XML element that excludes events from the query. For more information about the XML schema for event log queries, see Query Schema (https://msdn.microsoft.com/library/aa385760) and the XML Event Queries section of the [Event Selection](https://msdn.microsoft.com/library/aa385231)in the MSDN library.</maml:para>
          </maml:Description>
          <command:parameterValue required="true" variableLength="false">XmlDocument</command:parameterValue>
          <dev:type>
            <maml:name>XmlDocument</maml:name>
            <maml:uri />
          </dev:type>
          <dev:defaultValue>None</dev:defaultValue>
        </command:parameter>
        <command:parameter required="false" variableLength="true" globbing="false" pipelineInput="False" position="named" aliases="Cn">
          <maml:name>ComputerName</maml:name>
          <maml:Description>
            <maml:para>Specifies the name of the computer that this cmdlet gets events from the event logs. Type the NetBIOS name, an Internet Protocol (IP) address, or the fully qualified domain name of the computer. The default value is the local computer.</maml:para>
            <maml:para>This parameter accepts only one computer name at a time. For more information about this parameter, see the examples.</maml:para>
            <maml:para>To get events and event logs from remote computers, the firewall port for the event log service must be configured to allow remote access.</maml:para>
            <maml:para>This cmdlet does not rely on PowerShell remoting. You can use the ComputerName parameter even if your computer is not configured to run remote commands.</maml:para>
          </maml:Description>
          <command:parameterValue required="true" variableLength="false">String</command:parameterValue>
          <dev:type>
            <maml:name>String</maml:name>
            <maml:uri />
          </dev:type>
          <dev:defaultValue>Local computer</dev:defaultValue>
        </command:parameter>
        <command:parameter required="false" variableLength="true" globbing="false" pipelineInput="False" position="named" aliases="none">
          <maml:name>Credential</maml:name>
          <maml:Description>
            <maml:para>Specifies a user account that has permission to perform this action. The default value is the current user.</maml:para>
            <maml:para>Type a user name, such as User01 or Domain01\User01. Or, enter a PSCredential object, such as one generated by the Get-Credential cmdlet. If you type a user name, you are prompted for a password. If you type only the parameter name, you are prompted for both a user name and a password.</maml:para>
          </maml:Description>
          <command:parameterValue required="true" variableLength="false">PSCredential</command:parameterValue>
          <dev:type>
            <maml:name>PSCredential</maml:name>
            <maml:uri />
          </dev:type>
          <dev:defaultValue>Current user</dev:defaultValue>
        </command:parameter>
        <command:parameter required="false" variableLength="true" globbing="false" pipelineInput="False" position="named" aliases="none">
          <maml:name>MaxEvents</maml:name>
          <maml:Description>
            <maml:para>Specifies the maximum number of events that this cmdlet gets. Enter an integer. The default is to return all the events in the logs or files.</maml:para>
          </maml:Description>
          <command:parameterValue required="true" variableLength="false">Int64</command:parameterValue>
          <dev:type>
            <maml:name>Int64</maml:name>
            <maml:uri />
          </dev:type>
          <dev:defaultValue>None</dev:defaultValue>
        </command:parameter>
        <command:parameter required="false" variableLength="true" globbing="false" pipelineInput="False" position="named" aliases="none">
          <maml:name>Oldest</maml:name>
          <maml:Description>
            <maml:para>Indicate that this cmdlet gets the events in oldest-first order. By default, events are returned in newest-first order.</maml:para>
            <maml:para>This parameter is required to get events from .etl and .evt files and from debug and analytic logs. In these files, events are recorded in oldest-first order, and the events can be returned only in oldest-first order.</maml:para>
          </maml:Description>
          <dev:type>
            <maml:name>SwitchParameter</maml:name>
            <maml:uri />
          </dev:type>
          <dev:defaultValue>False</dev:defaultValue>
        </command:parameter>
      </command:syntaxItem>
      <command:syntaxItem>
        <maml:name>Get-WinEvent</maml:name>
        <command:parameter required="true" variableLength="true" globbing="true" pipelineInput="True (ByPropertyName)" position="1" aliases="PSPath">
          <maml:name>Path</maml:name>
          <maml:Description>
            <maml:para>Specifies the path to the event log files that this cmdlet get events from. Enter the paths to the log files in a comma-separated list, or use wildcard characters to create file path patterns. Get-WinEvent supports files with the .evt, .evtx, and .etl file name extensions. You can include events from different files and file types in the same command.</maml:para>
          </maml:Description>
          <command:parameterValue required="true" variableLength="false">String[]</command:parameterValue>
          <dev:type>
            <maml:name>String[]</maml:name>
            <maml:uri />
          </dev:type>
          <dev:defaultValue>None</dev:defaultValue>
        </command:parameter>
        <command:parameter required="false" variableLength="true" globbing="false" pipelineInput="False" position="named" aliases="none">
          <maml:name>Credential</maml:name>
          <maml:Description>
            <maml:para>Specifies a user account that has permission to perform this action. The default value is the current user.</maml:para>
            <maml:para>Type a user name, such as User01 or Domain01\User01. Or, enter a PSCredential object, such as one generated by the Get-Credential cmdlet. If you type a user name, you are prompted for a password. If you type only the parameter name, you are prompted for both a user name and a password.</maml:para>
          </maml:Description>
          <command:parameterValue required="true" variableLength="false">PSCredential</command:parameterValue>
          <dev:type>
            <maml:name>PSCredential</maml:name>
            <maml:uri />
          </dev:type>
          <dev:defaultValue>Current user</dev:defaultValue>
        </command:parameter>
        <command:parameter required="false" variableLength="true" globbing="false" pipelineInput="False" position="named" aliases="none">
          <maml:name>FilterXPath</maml:name>
          <maml:Description>
            <maml:para>Specifies an XPath query that this cmdlet select events from one or more logs.</maml:para>
            <maml:para>For more information about the XPath language, see XPath Reference (https://msdn.microsoft.com/library/ms256115) and the Selection Filters section of the [Event Selection](https://msdn.microsoft.com/library/aa385231)in the MSDN library.</maml:para>
          </maml:Description>
          <command:parameterValue required="true" variableLength="false">String</command:parameterValue>
          <dev:type>
            <maml:name>String</maml:name>
            <maml:uri />
          </dev:type>
          <dev:defaultValue>None</dev:defaultValue>
        </command:parameter>
        <command:parameter required="false" variableLength="true" globbing="false" pipelineInput="False" position="named" aliases="none">
          <maml:name>MaxEvents</maml:name>
          <maml:Description>
            <maml:para>Specifies the maximum number of events that this cmdlet gets. Enter an integer. The default is to return all the events in the logs or files.</maml:para>
          </maml:Description>
          <command:parameterValue required="true" variableLength="false">Int64</command:parameterValue>
          <dev:type>
            <maml:name>Int64</maml:name>
            <maml:uri />
          </dev:type>
          <dev:defaultValue>None</dev:defaultValue>
        </command:parameter>
        <command:parameter required="false" variableLength="true" globbing="false" pipelineInput="False" position="named" aliases="none">
          <maml:name>Oldest</maml:name>
          <maml:Description>
            <maml:para>Indicate that this cmdlet gets the events in oldest-first order. By default, events are returned in newest-first order.</maml:para>
            <maml:para>This parameter is required to get events from .etl and .evt files and from debug and analytic logs. In these files, events are recorded in oldest-first order, and the events can be returned only in oldest-first order.</maml:para>
          </maml:Description>
          <dev:type>
            <maml:name>SwitchParameter</maml:name>
            <maml:uri />
          </dev:type>
          <dev:defaultValue>False</dev:defaultValue>
        </command:parameter>
      </command:syntaxItem>
    </command:syntax>
    <command:parameters>
      <command:parameter required="false" variableLength="true" globbing="false" pipelineInput="False" position="named" aliases="Cn">
        <maml:name>ComputerName</maml:name>
        <maml:Description>
          <maml:para>Specifies the name of the computer that this cmdlet gets events from the event logs. Type the NetBIOS name, an Internet Protocol (IP) address, or the fully qualified domain name of the computer. The default value is the local computer.</maml:para>
          <maml:para>This parameter accepts only one computer name at a time. For more information about this parameter, see the examples.</maml:para>
          <maml:para>To get events and event logs from remote computers, the firewall port for the event log service must be configured to allow remote access.</maml:para>
          <maml:para>This cmdlet does not rely on PowerShell remoting. You can use the ComputerName parameter even if your computer is not configured to run remote commands.</maml:para>
        </maml:Description>
        <command:parameterValue required="true" variableLength="false">String</command:parameterValue>
        <dev:type>
          <maml:name>String</maml:name>
          <maml:uri />
        </dev:type>
        <dev:defaultValue>Local computer</dev:defaultValue>
      </command:parameter>
      <command:parameter required="false" variableLength="true" globbing="false" pipelineInput="False" position="named" aliases="none">
        <maml:name>Credential</maml:name>
        <maml:Description>
          <maml:para>Specifies a user account that has permission to perform this action. The default value is the current user.</maml:para>
          <maml:para>Type a user name, such as User01 or Domain01\User01. Or, enter a PSCredential object, such as one generated by the Get-Credential cmdlet. If you type a user name, you are prompted for a password. If you type only the parameter name, you are prompted for both a user name and a password.</maml:para>
        </maml:Description>
        <command:parameterValue required="true" variableLength="false">PSCredential</command:parameterValue>
        <dev:type>
          <maml:name>PSCredential</maml:name>
          <maml:uri />
        </dev:type>
        <dev:defaultValue>Current user</dev:defaultValue>
      </command:parameter>
      <command:parameter required="true" variableLength="true" globbing="false" pipelineInput="False" position="1" aliases="none">
        <maml:name>FilterHashtable</maml:name>
        <maml:Description>
          <maml:para>Specifies a query in hash table format to select events from one or more event logs. The query contains a hash table with one or more key-value pairs.</maml:para>
          <maml:para>Hash table queries have the following rules:</maml:para>
          <maml:para>- Keys and values are case-insensitive.</maml:para>
          <maml:para>- Wildcard characters are valid only in the values associated with the LogName and ProviderName keys.</maml:para>
          <maml:para>- Each key can be listed only once in each hash-table.</maml:para>
          <maml:para>- The Path value takes paths to .etl, .evt, and .evtx log files.</maml:para>
          <maml:para>- The LogName, Path, and ProviderName keys can be used in the same query.</maml:para>
          <maml:para>- The UserID key can take a valid security identifier (SID) or a domain account name that can be used to construct a valid System.Security.Principal.NTAccount object.</maml:para>
          <maml:para>- The Data value takes event data in an unnamed field. This is for events in classic event logs.</maml:para>
          <maml:para>- The * key represents a named event data field.</maml:para>
          <maml:para></maml:para>
          <maml:para>When Get-WinEvent cannot interpret a key-value pair, it interprets the key as a case-sensitive name for the event data in the event.</maml:para>
          <maml:para>The valid key-value pairs are as follows:</maml:para>
          <maml:para>- LogName=&lt;String[]&gt;</maml:para>
          <maml:para>- ProviderName=&lt;String[]&gt;</maml:para>
          <maml:para>- Path=&lt;String[]&gt;</maml:para>
          <maml:para>- Keywords=&lt;Long[]&gt;</maml:para>
          <maml:para>- ID=&lt;Int32[]&gt;</maml:para>
          <maml:para>- Level=&lt;Int32[]&gt;</maml:para>
          <maml:para>- StartTime=&lt;DateTime&gt;</maml:para>
          <maml:para>- EndTime=&lt;DataTime&gt;</maml:para>
          <maml:para>- UserID=&lt;SID&gt;</maml:para>
          <maml:para>- Data=&lt;String[]&gt;</maml:para>
          <maml:para>- *=&lt;String[]&gt;</maml:para>
        </maml:Description>
        <command:parameterValue required="true" variableLength="false">Hashtable[]</command:parameterValue>
        <dev:type>
          <maml:name>Hashtable[]</maml:name>
          <maml:uri />
        </dev:type>
        <dev:defaultValue>None</dev:defaultValue>
      </command:parameter>
      <command:parameter required="false" variableLength="true" globbing="false" pipelineInput="False" position="named" aliases="none">
        <maml:name>FilterXPath</maml:name>
        <maml:Description>
          <maml:para>Specifies an XPath query that this cmdlet select events from one or more logs.</maml:para>
          <maml:para>For more information about the XPath language, see XPath Reference (https://msdn.microsoft.com/library/ms256115) and the Selection Filters section of the [Event Selection](https://msdn.microsoft.com/library/aa385231)in the MSDN library.</maml:para>
        </maml:Description>
        <command:parameterValue required="true" variableLength="false">String</command:parameterValue>
        <dev:type>
          <maml:name>String</maml:name>
          <maml:uri />
        </dev:type>
        <dev:defaultValue>None</dev:defaultValue>
      </command:parameter>
      <command:parameter required="true" variableLength="true" globbing="false" pipelineInput="False" position="1" aliases="none">
        <maml:name>FilterXml</maml:name>
        <maml:Description>
          <maml:para>Specifies a structured XML query that this cmdlet selects events from one or more event logs.</maml:para>
          <maml:para>To generate a valid XML query, use the Create Custom View and Filter Current Log features in Event Viewer. Use the items in the dialog box to create a query, and then click the XML tab to view the query in XML format. You can copy the XML from the XML tab into the value of the FilterXml parameter. For more information about the Event Viewer features, see Event Viewer Help.</maml:para>
          <maml:para>Typically, you use an XML query to create a complex query that contains several XPath statements. The XML format also allows you to use a "Suppress" XML element that excludes events from the query. For more information about the XML schema for event log queries, see Query Schema (https://msdn.microsoft.com/library/aa385760) and the XML Event Queries section of the [Event Selection](https://msdn.microsoft.com/library/aa385231)in the MSDN library.</maml:para>
        </maml:Description>
        <command:parameterValue required="true" variableLength="false">XmlDocument</command:parameterValue>
        <dev:type>
          <maml:name>XmlDocument</maml:name>
          <maml:uri />
        </dev:type>
        <dev:defaultValue>None</dev:defaultValue>
      </command:parameter>
      <command:parameter required="false" variableLength="true" globbing="false" pipelineInput="False" position="named" aliases="none">
        <maml:name>Force</maml:name>
        <maml:Description>
          <maml:para>Gets debug and analytic logs, in addition to other event logs. The Force parameter is required to get a debug or analytic log when the value of the name parameter includes wildcard characters.</maml:para>
          <maml:para>By default, the Get-WinEvent cmdlet excludes these logs unless you specify the full name of a debug or analytic log.</maml:para>
        </maml:Description>
        <command:parameterValue required="false" variableLength="false">SwitchParameter</command:parameterValue>
        <dev:type>
          <maml:name>SwitchParameter</maml:name>
          <maml:uri />
        </dev:type>
        <dev:defaultValue>False</dev:defaultValue>
      </command:parameter>
      <command:parameter required="true" variableLength="true" globbing="true" pipelineInput="False" position="1" aliases="none">
        <maml:name>ListLog</maml:name>
        <maml:Description>
          <maml:para>Specifies the event logs. Enter the event log names in a comma-separated list. Wildcards are permitted. To get all the logs, enter a value of *.</maml:para>
        </maml:Description>
        <command:parameterValue required="true" variableLength="false">String[]</command:parameterValue>
        <dev:type>
          <maml:name>String[]</maml:name>
          <maml:uri />
        </dev:type>
        <dev:defaultValue>None</dev:defaultValue>
      </command:parameter>
      <command:parameter required="true" variableLength="true" globbing="true" pipelineInput="False" position="1" aliases="none">
        <maml:name>ListProvider</maml:name>
        <maml:Description>
          <maml:para>Specifies the event log providers that this cmdlet gets. An event log provider is a program or service that writes events to the event log.</maml:para>
          <maml:para>Enter the provider names in a comma-separated list. Wildcards are permitted. To get the providers of all the event logs on the computer, enter a value of *.</maml:para>
        </maml:Description>
        <command:parameterValue required="true" variableLength="false">String[]</command:parameterValue>
        <dev:type>
          <maml:name>String[]</maml:name>
          <maml:uri />
        </dev:type>
        <dev:defaultValue>None</dev:defaultValue>
      </command:parameter>
      <command:parameter required="false" variableLength="true" globbing="true" pipelineInput="True (ByPropertyName, ByValue)" position="1" aliases="none">
        <maml:name>LogName</maml:name>
        <maml:Description>
          <maml:para>Specifies the event logs that this cmdlet get events from. Enter the event log names in a comma-separated list. Wildcards are permitted. You can also pipe log names to the Get-WinEvent cmdlet .</maml:para>
        </maml:Description>
        <command:parameterValue required="true" variableLength="false">String[]</command:parameterValue>
        <dev:type>
          <maml:name>String[]</maml:name>
          <maml:uri />
        </dev:type>
        <dev:defaultValue>None</dev:defaultValue>
      </command:parameter>
      <command:parameter required="false" variableLength="true" globbing="false" pipelineInput="False" position="named" aliases="none">
        <maml:name>MaxEvents</maml:name>
        <maml:Description>
          <maml:para>Specifies the maximum number of events that this cmdlet gets. Enter an integer. The default is to return all the events in the logs or files.</maml:para>
        </maml:Description>
        <command:parameterValue required="true" variableLength="false">Int64</command:parameterValue>
        <dev:type>
          <maml:name>Int64</maml:name>
          <maml:uri />
        </dev:type>
        <dev:defaultValue>None</dev:defaultValue>
      </command:parameter>
      <command:parameter required="false" variableLength="true" globbing="false" pipelineInput="False" position="named" aliases="none">
        <maml:name>Oldest</maml:name>
        <maml:Description>
          <maml:para>Indicate that this cmdlet gets the events in oldest-first order. By default, events are returned in newest-first order.</maml:para>
          <maml:para>This parameter is required to get events from .etl and .evt files and from debug and analytic logs. In these files, events are recorded in oldest-first order, and the events can be returned only in oldest-first order.</maml:para>
        </maml:Description>
        <command:parameterValue required="false" variableLength="false">SwitchParameter</command:parameterValue>
        <dev:type>
          <maml:name>SwitchParameter</maml:name>
          <maml:uri />
        </dev:type>
        <dev:defaultValue>False</dev:defaultValue>
      </command:parameter>
      <command:parameter required="true" variableLength="true" globbing="true" pipelineInput="True (ByPropertyName)" position="1" aliases="PSPath">
        <maml:name>Path</maml:name>
        <maml:Description>
          <maml:para>Specifies the path to the event log files that this cmdlet get events from. Enter the paths to the log files in a comma-separated list, or use wildcard characters to create file path patterns. Get-WinEvent supports files with the .evt, .evtx, and .etl file name extensions. You can include events from different files and file types in the same command.</maml:para>
        </maml:Description>
        <command:parameterValue required="true" variableLength="false">String[]</command:parameterValue>
        <dev:type>
          <maml:name>String[]</maml:name>
          <maml:uri />
        </dev:type>
        <dev:defaultValue>None</dev:defaultValue>
      </command:parameter>
      <command:parameter required="true" variableLength="true" globbing="true" pipelineInput="True (ByPropertyName)" position="1" aliases="none">
        <maml:name>ProviderName</maml:name>
        <maml:Description>
          <maml:para>Specifies, as a string array, the event log providers from which this cmdlet gets events. Enter the provider names in a comma-separated list, or use wildcard characters to create provider name patterns.</maml:para>
          <maml:para>An event log provider is a program or service that writes events to the event log. It is not a PowerShell provider.</maml:para>
        </maml:Description>
        <command:parameterValue required="true" variableLength="false">String[]</command:parameterValue>
        <dev:type>
          <maml:name>String[]</maml:name>
          <maml:uri />
        </dev:type>
        <dev:defaultValue>None</dev:defaultValue>
      </command:parameter>
    </command:parameters>
    <command:inputTypes>
      <command:inputType>
        <dev:type>
          <maml:name>System.String, System.Xml.XmlDocument, System.Collections.Hashtable.</maml:name>
        </dev:type>
        <maml:description>
          <maml:para>You can pipe a LogName (string), a FilterXML query, or a FilterHashTable query to Get-WinEvent .</maml:para>
        </maml:description>
      </command:inputType>
    </command:inputTypes>
    <command:returnValues>
      <command:returnValue>
        <dev:type>
          <maml:name>System.Diagnostics.Eventing.Reader.EventLogConfiguration, System.Diagnostics.Eventing.Reader.EventLogRecord, System.Diagnostics.Eventing.Reader.ProviderMetadata</maml:name>
        </dev:type>
        <maml:description>
          <maml:para>With the ListLog parameter, Get-WinEvent returns System.Diagnostics.Eventing.Reader.EventLogConfiguration objects. With the ListProvider parameter, Get-WinEvent returns System.Diagnostics.Eventing.Reader.ProviderMetadata objects. With all other parameters, Get-WinEvent returns System.Diagnostics.Eventing.Reader.EventLogRecord objects.</maml:para>
        </maml:description>
      </command:returnValue>
    </command:returnValues>
    <maml:alertSet>
      <maml:alert>
        <maml:para> Get-WinEvent * runs on Windows Vista, Windows Server 2008 R2, and later versions of Windows. This cmdlet is designed to replace the Get-EventLog cmdlet on computers running Windows Vista and later versions of Windows. Get-EventLog * gets events only in classic event logs. Get-EventLog is retained in PowerShell for backward compatibility. The Get-WinEvent and Get-EventLog * cmdlets are not supported in Windows Preinstallation Environment (Windows PE).</maml:para>
      </maml:alert>
    </maml:alertSet>
    <command:examples>
      <command:example>
        <maml:title>------ Example 1: Get all the logs from a local computer ------</maml:title>
        <dev:code>PS C:\&gt; Get-WinEvent -ListLog  *</dev:code>
        <dev:remarks>
          <maml:para>This command gets all the logs on the local computer.</maml:para>
          <maml:para>Logs are listed in the order that Get-WinEvent gets them. Classic logs are usually retrieved first, followed by the new Windows Eventing logs.</maml:para>
          <maml:para>Because there are typically more than a hundred event logs, this parameter requires a log name or name pattern. To get all the logs, use *.</maml:para>
        </dev:remarks>
      </command:example>
      <command:example>
        <maml:title>-- Example 2: Get the classic Setup log from a local computer --</maml:title>
        <dev:code>PS C:\&gt; Get-WinEvent -ListLog Setup | Format-List -Property *

FileSize                       : 69632
IsLogFull                      : False
LastAccessTime                 : 2/14/2008 12:55:12 AM
LastWriteTime                  : 7/9/2008 3:12:05 AM
OldestRecordNumber             : 1
RecordCount                    : 3
LogName                        : Setup
LogType                        : Operational
LogIsolation                   : Application
IsEnabled                      : True
IsClassicLog                   : False
SecurityDescriptor             : O:BAG:SYD:(A;;0xf0007;;;SY)(A;
(A;;0x1;;;S-1-5-32-573)
LogFilePath                    : %SystemRoot%\System32\Winevt\L
MaximumSizeInBytes             : 1052672
LogMode                        : Circular
OwningProviderName             : Microsoft-Windows-Eventlog
ProviderNames                  : {Microsoft-Windows-WUSA, Micro
ProviderLevel                  :
ProviderKeywords               :
ProviderBufferSize             : 64
ProviderMinimumNumberOfBuffers : 0
ProviderMaximumNumberOfBuffers : 64
ProviderLatency                : 1000
ProviderControlGuid            :</dev:code>
        <dev:remarks>
          <maml:para>This command gets an object that represents the classic Setup log on the local computer. The object includes useful information about the log, including its size, event log provider, file path, and whether it is enabled.</maml:para>
        </dev:remarks>
      </command:example>
      <command:example>
        <maml:title>----------- Example 3: Get event logs from a server -----------</maml:title>
        <dev:code>PS C:\&gt; Get-WinEvent -ListLog * -ComputerName Server01 |Where-Object {$_.RecordCount}</dev:code>
        <dev:remarks>
          <maml:para>This command gets only event logs on the Server01 computer that contain events. Many logs might be empty.</maml:para>
          <maml:para>The command uses the RecordCount property of the EventLogConfiguration object that Get-WinEvent returns when you use the ListLog parameter.</maml:para>
        </dev:remarks>
      </command:example>
      <command:example>
        <maml:title>------- Example 4: Get event logs from multiple servers -------</maml:title>
        <dev:code>PS C:\&gt; $S = "Server01", "Server02", "Server03"
PS C:\&gt; ForEach ($Server in $S) {$Server; Get-WinEvent -ListLog "Windows PowerShell" -Computername $Server}</dev:code>
        <dev:remarks>
          <maml:para>This example gets objects that represent the Windows PowerShell event logs on the Server01, Server02, and Server03 computers. This command uses the ForEach keyword because the ComputerName parameter takes only one value.</maml:para>
          <maml:para>The first command saves the names of the computers in the $S variable.</maml:para>
          <maml:para>The second command uses a ForEach statement. For each of the computers in the $S variable, it performs the command in the script block (within the braces). First, the command prints the name of the computer. Then, it runs a Get-WinEvent command to get an object that represents the Windows PowerShell log.</maml:para>
        </dev:remarks>
      </command:example>
      <command:example>
        <maml:title>Example 5: Get event log providers and logs from a local computer</maml:title>
        <dev:code>PS C:\&gt; Get-WinEvent -ListProvider *</dev:code>
        <dev:remarks>
          <maml:para>This command gets the event log providers on the local computer and the logs to which they write, if any.</maml:para>
        </dev:remarks>
      </command:example>
      <command:example>
        <maml:title>Example 6: Get all event log providers that write to a specific log</maml:title>
        <dev:code>PS C:\&gt; (Get-WinEvent -ListLog Application).ProviderNames</dev:code>
        <dev:remarks>
          <maml:para>This command gets all of the providers that write to the Application log on the local computer.</maml:para>
        </dev:remarks>
      </command:example>
      <command:example>
        <maml:title>Example 7: Get event log providers that have a specific string in the name</maml:title>
        <dev:code>PS C:\&gt; Get-WinEvent -ListProvider *Policy*</dev:code>
        <dev:remarks>
          <maml:para>This command gets the event log providers whose names include the word Policy.</maml:para>
        </dev:remarks>
      </command:example>
      <command:example>
        <maml:title>-- Example 8: Get event IDs that the event provider generates --</maml:title>
        <dev:code>PS C:\&gt; (Get-WinEvent -ListProvider Microsoft-Windows-GroupPolicy).Events | Format-Table ID, Description -AutoSize</dev:code>
        <dev:remarks>
          <maml:para>This command lists the event IDs that the Microsoft-Windows-GroupPolicy event provider generates along with the event description.</maml:para>
          <maml:para>It uses the Events property of the object that Get-WinEvent returns when you use the ListProvider parameter, and it uses the ID and Description properties of the object in the Events property.</maml:para>
        </dev:remarks>
      </command:example>
      <command:example>
        <maml:title>---------- Example 9: Get properties of event objects ----------</maml:title>
        <dev:code>The first command uses the **Get-WinEvent** cmdlet to get all of the events in the Windows PowerShell event log. Then, it saves them in the $Events variable. The log name is enclosed in quotation marks because it contains a space.
PS C:\&gt; $Events = Get-WinEvent -LogName "Windows PowerShell"

The second command uses the **Count** property of object collections to find the number of entries in the event log.
PS C:\&gt; $Events.Count
195

The third command displays the incidence of each event in the log, with the most frequent events first. In this example, event ID 600 is the most frequent event.
PS C:\&gt; $Events | Group-Object -Property Id -NoElement | Sort-Object -Property Count -Descending

Count Name
----- ----
147 600
22 400
21 601
3 403
2 103

The fourth command groups the items by the value of their **LevelDisplayName** property to show how many Error, Warning, and Information events are in the log.
PS C:\&gt; $Events | Group-Object -Property LevelDisplayName -NoElement

Count Name
----- ----
2 Warning
193 Information</dev:code>
        <dev:remarks>
          <maml:para>This example shows how to use the properties of the event objects that Get-WinEvent returns to learn about the events in an event log.</maml:para>
        </dev:remarks>
      </command:example>
      <command:example>
        <maml:title>Example 10: Get error events that have a specified string in their name</maml:title>
        <dev:code>PS C:\&gt; Get-WinEvent -LogName *disk*, Microsoft-Windows-Kernel-WHEA</dev:code>
        <dev:remarks>
          <maml:para>This command gets the error events whose names include disk from all of the event logs on the computer and from the Microsoft-Windows-Kernel-WHEA event log.</maml:para>
        </dev:remarks>
      </command:example>
      <command:example>
        <maml:title>Example 11: Get events from a copy of the wps_2 event log file</maml:title>
        <dev:code>PS C:\&gt; Get-WinEvent -Path 'c:\ps-test\Windows PowerShell.evtx'</dev:code>
        <dev:remarks>
          <maml:para>This command gets events from a copy of the Windows PowerShell event log file in a test directory. The path is enclosed in quotation marks because the log name includes a space.</maml:para>
        </dev:remarks>
      </command:example>
      <command:example>
        <maml:title>Example 12: Get the first 100 events from an ETW event trace log</maml:title>
        <dev:code>The first command gets the 100 oldest events in the log. It uses the **Get-WinEvent** cmdlet to get events from the Tracelog.etl file. It uses the *MaxEvents* parameter to limit the retrieval to 100 events. Because the events are listed in the order in which they are written to the log (oldest first), the *Oldest* parameter is required.
PS C:\&gt; Get-WinEvent -Path 'C:\Tracing\TraceLog.etl' -MaxEvents 100 -Oldest

The second command gets the 100 newest events in the log. It uses the **Get-WinEvent** cmdlet to get all the events from the Tracing.etl file. It pipes the events to the Sort-Object cmdlet, which sorts them in descending order by the value of the **TimeCreated** property. Then, it pipes the sorted events to the Select-Object cmdlet to select the newest 100 events.
PS C:\&gt; Get-WinEvent -Path 'C:\Tracing\TraceLog.etl' -Oldest | Sort-Object -Property TimeCreated -Descending | Select-Object -First 100</dev:code>
        <dev:remarks>
          <maml:para>These commands get the first 100 events from an Event Tracing for Windows (ETW) event trace log file.</maml:para>
        </dev:remarks>
      </command:example>
      <command:example>
        <maml:title>-------- Example 13: Get events from an event trace log --------</maml:title>
        <dev:code>PS C:\&gt; Get-WinEvent -Path "C:\Tracing\TraceLog.etl", "c:\Logs\Windows PowerShell.evtx" -Oldest | Where-Object {$_.ID -eq "103"}</dev:code>
        <dev:remarks>
          <maml:para>This example shows how to get the events from an event trace log file (.etl) and from a copy of the Windows PowerShell log file (.evtx) that was saved to a test directory.</maml:para>
          <maml:para>You can combine multiple file types in a single command. Because the files contain the same type of .NET Framework object (an EventLogRecord object), you can use the same properties to filter them.</maml:para>
          <maml:para>The command requires the Oldest parameter because it is reading from an .etl file, but the Oldest parameter applies to both of the files.</maml:para>
        </dev:remarks>
      </command:example>
      <command:example>
        <maml:title>------------- Example 14: Filter event log results -------------</maml:title>
        <dev:code>PS C:\&gt; # Use the Where-Object cmdlet

PS C:\&gt; $Yesterday = (Get-Date) - (New-TimeSpan -Day 1)
PS C:\&gt; Get-WinEvent -LogName "Windows PowerShell" | Where-Object {$_.TimeCreated -ge $Yesterday}

# Uses FilterHashTable

PS C:\&gt; $Yesterday = (Get-Date) - (New-TimeSpan -Day 1)
PS C:\&gt; Get-WinEvent -FilterHashTable @{LogName='Windows PowerShell'; Level=3; StartTime=$Yesterday}

# Use FilterXML

PS C:\&gt; Get-WinEvent -FilterXML "&lt;QueryList&gt;&lt;Query&gt;&lt;Select Path='Windows PowerShell'&gt;*[System[Level=3 and TimeCreated[timediff(@SystemTime)&amp;lt;= 86400000]]]&lt;/Select&gt;&lt;/Query&gt;&lt;/QueryList&gt;"

# Use FilterXPath

PS C:\&gt; Get-WinEvent -LogName "Windows Powershell" -FilterXPath "*[System[Level=3 and TimeCreated[timediff(@SystemTime) &amp;lt;= 86400000]]]"</dev:code>
        <dev:remarks>
          <maml:para>This example shows different filtering methods for selecting events from an event log. All of these commands get events that occurred in the last 24 hours from the Windows PowerShell event log.</maml:para>
          <maml:para>The filter methods are more efficient than using the Where-Object cmdlet because the filters are applied while the objects are being retrieved, rather than retrieving all the objects and then filtering them.</maml:para>
          <maml:para>Because dates are difficult to formulate in the XML and XPath formats, to create the XML content for the date, the Filter Current Log feature of Event Viewer is used. For more information about this feature, see Event Viewer Help.</maml:para>
        </dev:remarks>
      </command:example>
      <command:example>
        <maml:title>Example 15: Use a filter hash table to get events from the performance log</maml:title>
        <dev:code>PS C:\&gt; $Date = (Get-Date).AddDays(-2)
PS C:\&gt; $Events = Get-WinEvent -FilterHashTable @{ LogName = "Microsoft-Windows-Diagnostics-Performance/Operational"; StartTime = $Date; ID = 100 }</dev:code>
        <dev:remarks>
          <maml:para>This example uses a filter hash table to get events from the performance log.</maml:para>
          <maml:para>The first command uses the Get-Date cmdlet and the AddDays method to get a date that is two days before the current date. It saves the date in the $date variable.</maml:para>
          <maml:para>The second command uses the Get-WinEvent cmdlet with the FilterHashTable parameter. The keys in the hash table define a filter that selects events from the performance log that occurred within the last two days and that have event ID 100.</maml:para>
          <maml:para>The LogName key specifies the event log, the StartTime key specifies the date, and the ID key specifies the event ID.</maml:para>
        </dev:remarks>
      </command:example>
      <command:example>
        <maml:title>Example 16: Use a filter hash table to get IE application errors</maml:title>
        <dev:code>PS C:\&gt; $StartTime = (Get-Date).AddDays(-7)
PS C:\&gt; $IE_Error = Get-WinEvent -FilterHashtable @{Logname="Application"; ProviderName="Application Error"; Data="iexplore.exe"; StartTime=$StartTime}</dev:code>
        <dev:remarks>
          <maml:para>This example uses a filter hash table to find Internet Explorer application errors that occurred within the last week.</maml:para>
          <maml:para>The first command gets the date that is seven days before the current date and stores it in the $StartTime variable.</maml:para>
          <maml:para>The second command uses the Get-WinEvent cmdlet with the FilterHashTable parameter. The keys in the hash table define a filter that selects events from the Application log that were written by the Application Error provider and include the phrase "iexplore.exe".</maml:para>
          <maml:para>The LogName key specifies the event log. The ProviderName key specifies the event provider, the StartTime key specifies the starting date of the events, and the Data key specifies the text in the event message.</maml:para>
        </dev:remarks>
      </command:example>
    </command:examples>
    <command:relatedLinks>
      <maml:navigationLink>
        <maml:linkText>Online Version:</maml:linkText>
        <maml:uri>http://go.microsoft.com/fwlink/?LinkId=821529</maml:uri>
      </maml:navigationLink>
    </command:relatedLinks>
  </command:command>
  <command:command xmlns:maml="http://schemas.microsoft.com/maml/2004/10" xmlns:command="http://schemas.microsoft.com/maml/dev/command/2004/10" xmlns:dev="http://schemas.microsoft.com/maml/dev/2004/10" xmlns:MSHelp="http://msdn.microsoft.com/mshelp">
    <command:details>
      <command:name>New-WinEvent</command:name>
      <command:verb>New</command:verb>
      <command:noun>WinEvent</command:noun>
      <maml:description>
        <maml:para>Creates a new Windows event for the specified event provider.</maml:para>
      </maml:description>
    </command:details>
    <maml:description>
      <maml:para>The New-WinEvent cmdlet creates an Event Tracing for Windows (ETW) event for an event provider. You can use this cmdlet to add events to ETW channels from PowerShell.</maml:para>
    </maml:description>
    <command:syntax>
      <command:syntaxItem>
        <maml:name>New-WinEvent</maml:name>
        <command:parameter required="true" variableLength="true" globbing="false" pipelineInput="False" position="1" aliases="none">
          <maml:name>ProviderName</maml:name>
          <maml:Description>
            <maml:para>Specifies the event provider that writes the event to an event log, such as "Microsoft-Windows-PowerShell". An ETW event provider is a logical entity that writes events to ETW sessions.</maml:para>
          </maml:Description>
          <command:parameterValue required="true" variableLength="false">String</command:parameterValue>
          <dev:type>
            <maml:name>String</maml:name>
            <maml:uri />
          </dev:type>
          <dev:defaultValue>None</dev:defaultValue>
        </command:parameter>
        <command:parameter required="true" variableLength="true" globbing="false" pipelineInput="False" position="2" aliases="none">
          <maml:name>Id</maml:name>
          <maml:Description>
            <maml:para>Specifies an event id that was registered through an instrumentation manifest.</maml:para>
          </maml:Description>
          <command:parameterValue required="true" variableLength="false">Int32</command:parameterValue>
          <dev:type>
            <maml:name>Int32</maml:name>
            <maml:uri />
          </dev:type>
          <dev:defaultValue>None</dev:defaultValue>
        </command:parameter>
        <command:parameter required="false" variableLength="true" globbing="false" pipelineInput="False" position="3" aliases="none">
          <maml:name>Payload</maml:name>
          <maml:Description>
            <maml:para>Specifies the message for the event. When the event is written to an event log, the payload is stored in the Message property of the event object.</maml:para>
            <maml:para>When the specified payload does not match the payload in the event definition, PowerShell generates a warning, but the command still succeeds.</maml:para>
          </maml:Description>
          <command:parameterValue required="true" variableLength="false">Object[]</command:parameterValue>
          <dev:type>
            <maml:name>Object[]</maml:name>
            <maml:uri />
          </dev:type>
          <dev:defaultValue>None</dev:defaultValue>
        </command:parameter>
        <command:parameter required="false" variableLength="true" globbing="false" pipelineInput="False" position="named" aliases="none">
          <maml:name>Version</maml:name>
          <maml:Description>
            <maml:para>Specifies the version number of the event. Type the event number. PowerShell converts the number to the required Byte type.</maml:para>
            <maml:para>This parameter lets you specify an event when different versions of the same event are defined.</maml:para>
          </maml:Description>
          <command:parameterValue required="true" variableLength="false">Byte</command:parameterValue>
          <dev:type>
            <maml:name>Byte</maml:name>
            <maml:uri />
          </dev:type>
          <dev:defaultValue>None</dev:defaultValue>
        </command:parameter>
      </command:syntaxItem>
    </command:syntax>
    <command:parameters>
      <command:parameter required="true" variableLength="true" globbing="false" pipelineInput="False" position="2" aliases="none">
        <maml:name>Id</maml:name>
        <maml:Description>
          <maml:para>Specifies an event id that was registered through an instrumentation manifest.</maml:para>
        </maml:Description>
        <command:parameterValue required="true" variableLength="false">Int32</command:parameterValue>
        <dev:type>
          <maml:name>Int32</maml:name>
          <maml:uri />
        </dev:type>
        <dev:defaultValue>None</dev:defaultValue>
      </command:parameter>
      <command:parameter required="false" variableLength="true" globbing="false" pipelineInput="False" position="3" aliases="none">
        <maml:name>Payload</maml:name>
        <maml:Description>
          <maml:para>Specifies the message for the event. When the event is written to an event log, the payload is stored in the Message property of the event object.</maml:para>
          <maml:para>When the specified payload does not match the payload in the event definition, PowerShell generates a warning, but the command still succeeds.</maml:para>
        </maml:Description>
        <command:parameterValue required="true" variableLength="false">Object[]</command:parameterValue>
        <dev:type>
          <maml:name>Object[]</maml:name>
          <maml:uri />
        </dev:type>
        <dev:defaultValue>None</dev:defaultValue>
      </command:parameter>
      <command:parameter required="true" variableLength="true" globbing="false" pipelineInput="False" position="1" aliases="none">
        <maml:name>ProviderName</maml:name>
        <maml:Description>
          <maml:para>Specifies the event provider that writes the event to an event log, such as "Microsoft-Windows-PowerShell". An ETW event provider is a logical entity that writes events to ETW sessions.</maml:para>
        </maml:Description>
        <command:parameterValue required="true" variableLength="false">String</command:parameterValue>
        <dev:type>
          <maml:name>String</maml:name>
          <maml:uri />
        </dev:type>
        <dev:defaultValue>None</dev:defaultValue>
      </command:parameter>
      <command:parameter required="false" variableLength="true" globbing="false" pipelineInput="False" position="named" aliases="none">
        <maml:name>Version</maml:name>
        <maml:Description>
          <maml:para>Specifies the version number of the event. Type the event number. PowerShell converts the number to the required Byte type.</maml:para>
          <maml:para>This parameter lets you specify an event when different versions of the same event are defined.</maml:para>
        </maml:Description>
        <command:parameterValue required="true" variableLength="false">Byte</command:parameterValue>
        <dev:type>
          <maml:name>Byte</maml:name>
          <maml:uri />
        </dev:type>
        <dev:defaultValue>None</dev:defaultValue>
      </command:parameter>
    </command:parameters>
    <command:inputTypes>
      <command:inputType>
        <dev:type>
          <maml:name>None</maml:name>
        </dev:type>
        <maml:description>
          <maml:para>This cmdlet does not take input from the pipeline.</maml:para>
        </maml:description>
      </command:inputType>
    </command:inputTypes>
    <command:returnValues>
      <command:returnValue>
        <dev:type>
          <maml:name>None</maml:name>
        </dev:type>
        <maml:description>
          <maml:para>This cmdlet does to generate any output.</maml:para>
        </maml:description>
      </command:returnValue>
    </command:returnValues>
    <maml:alertSet>
      <maml:alert>
        <maml:para>* After the provider writes the even to an eventlog, you can use the Get-WinEvent cmdlet to get the   event from the event log. * For information about Event Tracing for Windows, see "Improve Debugging And Performance Tuning   With ETW" in MSDN Magazine at http://msdn.microsoft.com/magazine/cc163437.aspx.</maml:para>
      </maml:alert>
    </maml:alertSet>
    <command:examples>
      <command:example>
        <maml:title>-------------------------- Example 1 --------------------------</maml:title>
        <dev:code>PS C:\&gt; New-WinEvent -ProviderName Microsoft-Windows-PowerShell -Id 45090 -Payload @("Workflow", "Running")</dev:code>
        <dev:remarks>
          <maml:para>This command uses the New-WinEvent cmdlet to create event 45090 for the Microsoft-Windows-PowerShell provider.</maml:para>
        </dev:remarks>
      </command:example>
    </command:examples>
    <command:relatedLinks>
      <maml:navigationLink>
        <maml:linkText>Online Version:</maml:linkText>
        <maml:uri>http://go.microsoft.com/fwlink/?LinkId=821531</maml:uri>
      </maml:navigationLink>
      <maml:navigationLink>
        <maml:linkText>Get-WinEvent</maml:linkText>
        <maml:uri></maml:uri>
      </maml:navigationLink>
    </command:relatedLinks>
  </command:command>
</helpItems>