{"options":{"check_for_updates":true,"comment":null,"compatopts_for_requires":true,"compat_wrappedjsobject":false,"compat_metadata":false,"compat_foreach":false,"compat_prototypes":false,"noframes":null,"run_at":null,"override":{"use_includes":[],"orig_includes":["http://204.98.64.46:1111*","http://*sienasuiteshotel.com*"],"merge_includes":true,"use_matches":[],"orig_matches":[],"merge_matches":true,"use_excludes":[],"orig_excludes":[],"merge_excludes":true,"use_connects":[],"merge_connects":true,"use_blockers":[],"orig_run_at":"document-idle","orig_noframes":null},"tab_types":null},"settings":{"enabled":false,"position":5},"meta":{"name":"AutoLogonSiena","uuid":"b5eff4fa-de44-4a76-a01c-a112917932e1","modified":1569952037626,"file_url":"https://danamw.github.io/jscripts/scripts/AutoLogonSiena.user.js"}}