{
	"blocked": [
		"about:addons",
		"about:about",
		"https://chrome-extension-downloader.com/",
		"http://192.168.2.1/",
		"http://www.dumpaday.com/",
		"https://www.sling.com/",
		"https://www.netflix.com/",
		"http://www.oreillyauto.com/",
		"http://www.lewisblack.com/live",
		"http://www.speedtest.net/",
		"http://www.music-clips.net/",
		"https://www.box.com/",
		"https://www.dropbox.com/home",
		"https://ytmp3.cc/",
		"https://drive.google.com/drive/my-drive",
		"http://www.watchfree.to/",
		"https://www.facebook.com/",
		"https://www.messenger.com/",
		"https://discordapp.com/channels/@me",
		"https://web.skype.com/",
		"http://www.lewisblack.com",
		"https://www.netspend.com/",
		"https://www.onlinevideoconverter.com/",
		"http://www.funnyordie.com/",
		"https://discordapp.com/channels/403010882386526209/465755903744933888",
		"https://photos.google.com/",
		"https://hangouts.google.com/",
		"http://www.tubeplus.me/",
		"https://www.netflix.com/browse",
		"http://192.168.0.3",
		"http://www.stonekettle.com/",
		"https://www.facebook.com",
		"https://greasyfork.org",
		"http://www.putlockers.tf/",
		"https://tweetdeck.twitter.com/#",
		"https://twitter.com/",
		"https://openusercss.org/",
		"Twitter",
		"https://stock.adobe.com/uk",
		"https://www.shutterstock.com",
		"https://www.pexels.com",
		"https://www.youtube.com/watch?v=2NsznHjFP9A",
		"https://youtube.videodeck.net/",
		"http://204.98.64.46:1111/web/Siena.html?OS=detectportal.firefox.com/success.txt",
		"https://www.twitter.com"
	],
	"columns": 9,
	"history": false,
	"locked": true,
	"margin": [
		"medium",
		"medium",
		"medium",
		"medium"
	],
	"opacity": 100,
	"recent": false,
	"rows": 5,
	"spacing": "medium",
	"theme": "dark",
	"titleSize": "medium"
}