[
	{
		"url": "https://outlook.live.com/owa/",
		"title": "Outlook",
		"position": 3,
		"id": 1
	},
	{
		"url": "https://www.instagram.com/",
		"position": 7,
		"title": "Instagram",
		"id": 2
	},
	{
		"url": "http://www.gmail.com/",
		"title": "Gmail",
		"position": 2,
		"id": 3
	},
	{
		"url": "http://www.freewarefiles.com/",
		"title": "Freeware Files",
		"position": 34,
		"id": 4
	},
	{
		"url": "https://www.youtube.com/?tab=w1",
		"position": 9,
		"title": "YouTube",
		"id": 6
	},
	{
		"url": "https://twitter.com/",
		"position": 5,
		"title": "Twitter",
		"id": 7
	},
	{
		"url": "https://tweetdeck.twitter.com/#",
		"position": 4,
		"title": "TweetDeck",
		"id": 9
	},
	{
		"url": "http://204.98.64.46:1111/web/Siena.html?OS=detectportal.firefox.com/success.txt",
		"title": "Siena Suites",
		"position": 1,
		"id": 10
	},
	{
		"url": "http://www.wincustomize.com/explore/windowblinds",
		"position": 18,
		"title": "WinCustomize",
		"id": 11
	},
	{
		"url": "https://www.amazon.com/",
		"position": 15,
		"title": "Amazon",
		"id": 12
	},
	{
		"url": "http://www.stardock.com/",
		"position": 17,
		"title": "Stardock Corporation",
		"id": 17
	},
	{
		"url": "https://onedrive.live.com/",
		"position": 21,
		"title": "OneDrive",
		"id": 18
	},
	{
		"url": "https://mega.nz/",
		"position": 23,
		"title": "MEGA",
		"id": 20
	},
	{
		"url": "http://www.google.com/",
		"position": 10,
		"title": "Google",
		"id": 24
	},
	{
		"url": "https://voice.google.com/",
		"position": 26,
		"title": "Google Voice",
		"id": 25
	},
	{
		"url": "https://maps.google.com/",
		"position": 27,
		"title": "Google Maps",
		"id": 26
	},
	{
		"url": "https://github.com/DanaMW?tab=repositories",
		"position": 16,
		"title": "GitHub",
		"id": 28
	},
	{
		"url": "https://userstyles.org/",
		"position": 30,
		"title": "Userstyles.org",
		"id": 32
	},
	{
		"url": "http://www.isitdownrightnow.com/",
		"position": 33,
		"title": "Is It Down Right Now?",
		"id": 35
	},
	{
		"url": "https://www.virustotal.com/",
		"position": 35,
		"title": "VirusTotal",
		"id": 37
	},
	{
		"url": "https://chrome-extension-downloader.com/",
		"title": "Chrome Extension Downloader",
		"position": 36,
		"id": 44
	},
	{
		"url": "https://openuserjs.org/",
		"title": "OpenUserJS",
		"position": 29,
		"id": 45
	},
	{
		"url": "https://www.walmart.com/",
		"title": "Walmart.com",
		"position": 28,
		"id": 47
	},
	{
		"url": "http://192.168.0.1/",
		"title": "My Router",
		"position": 0,
		"id": 48
	},
	{
		"url": "https://freestyler.ws/",
		"title": "Freestyler",
		"position": 32,
		"id": 49
	},
	{
		"url": "https://my.visualstudio.com",
		"position": 19,
		"id": 50,
		"title": "Visualstudio.com"
	},
	{
		"url": "https://openusercss.org/",
		"title": "OpenUserCSS",
		"position": 31,
		"id": 52
	},
	{
		"url": "https://ello.co/",
		"title": "Ello",
		"position": 20,
		"id": 53
	},
	{
		"url": "http://www.putlockers.tf/",
		"position": 13,
		"id": 56,
		"title": "Putlockers"
	},
	{
		"url": "https://vmovee.me/",
		"title": "VMovee",
		"position": 14,
		"id": 58
	},
	{
		"url": "https://www.dropbox.com",
		"position": 22,
		"id": 59,
		"title": "Dropbox"
	},
	{
		"url": "https://drive.google.com/drive/my-drive",
		"title": "Google Drive",
		"position": 25,
		"id": 60
	},
	{
		"url": "https://app.box.com/folder/0",
		"title": "Box",
		"position": 24,
		"id": 61
	},
	{
		"url": "http://www.stonekettle.com/",
		"title": "Stonekettle Station",
		"position": 12,
		"id": 62
	},
	{
		"url": "https://www.pinterest.com/",
		"title": "Pinterest (Home)",
		"position": 37,
		"id": 63
	},
	{
		"url": "https://danamw.github.io/",
		"title": "Hippy HangOut on Github",
		"position": 8,
		"id": 65
	},
	{
		"url": "https://counter.social/web/getting-started",
		"title": "CounterSocial",
		"id": 66
	},
	{
		"url": "https://discordapp.com/channels/566685241473761300/566685241473761303",
		"title": "Discord@Stylus",
		"position": 11,
		"id": 68
	},
	{
		"url": "https://www.flickr.com",
		"position": 38,
		"id": 69
	},
	{
		"url": "https://www.pexels.com",
		"position": 39,
		"id": 70
	},
	{
		"url": "https://www.shutterstock.com",
		"position": 40,
		"id": 71
	},
	{
		"url": "https://counter.social",
		"position": 6,
		"id": 72,
		"title": "Counter.Social"
	}
]