[
	{
		"url": "https://outlook.live.com/owa/",
		"title": "Outlook",
		"position": 3,
		"id": 1
	},
	{
		"url": "https://www.instagram.com/",
		"position": 6,
		"title": "Instagram",
		"id": 2
	},
	{
		"url": "http://www.gmail.com/",
		"title": "Gmail",
		"position": 2,
		"id": 3
	},
	{
		"url": "http://www.freewarefiles.com/",
		"title": "Freeware Files",
		"position": 40,
		"id": 4
	},
	{
		"url": "https://www.youtube.com/?tab=w1",
		"position": 7,
		"title": "YouTube",
		"id": 6
	},
	{
		"url": "http://www.wincustomize.com/explore/windowblinds",
		"position": 31,
		"title": "WinCustomize",
		"id": 11
	},
	{
		"url": "https://www.amazon.com/",
		"position": 11,
		"title": "Amazon",
		"id": 12
	},
	{
		"url": "http://www.stardock.com/",
		"position": 30,
		"title": "Stardock Corporation",
		"id": 17
	},
	{
		"url": "https://onedrive.live.com/",
		"position": 18,
		"title": "OneDrive",
		"id": 18
	},
	{
		"url": "https://mega.nz/",
		"position": 19,
		"title": "MEGA",
		"id": 20
	},
	{
		"url": "http://www.google.com/",
		"position": 9,
		"title": "Google",
		"id": 24
	},
	{
		"url": "https://voice.google.com/",
		"position": 16,
		"title": "Google Voice",
		"id": 25
	},
	{
		"url": "https://maps.google.com/",
		"position": 23,
		"title": "Google Maps",
		"id": 26
	},
	{
		"url": "https://github.com/DanaMW?tab=repositories",
		"position": 10,
		"title": "GitHub",
		"id": 28
	},
	{
		"url": "https://userstyles.org/",
		"position": 36,
		"title": "Userstyles.org",
		"id": 32
	},
	{
		"url": "http://www.isitdownrightnow.com/",
		"position": 39,
		"title": "Is It Down Right Now?",
		"id": 35
	},
	{
		"url": "https://www.virustotal.com/",
		"position": 33,
		"title": "VirusTotal",
		"id": 37
	},
	{
		"url": "https://chrome-extension-downloader.com/",
		"title": "Chrome Extension Downloader",
		"position": 37,
		"id": 44
	},
	{
		"url": "https://openuserjs.org/",
		"title": "OpenUserJS",
		"position": 35,
		"id": 45
	},
	{
		"url": "http://192.168.0.1/",
		"title": "My Router",
		"position": 0,
		"id": 48
	},
	{
		"url": "https://freestyler.ws/",
		"title": "Freestyler",
		"position": 38,
		"id": 49
	},
	{
		"url": "https://my.visualstudio.com",
		"position": 32,
		"id": 50,
		"title": "Visualstudio.com"
	},
	{
		"url": "https://ello.co/",
		"title": "Ello",
		"position": 41,
		"id": 53
	},
	{
		"url": "https://vmovee.me/",
		"title": "VMovee",
		"position": 13,
		"id": 58
	},
	{
		"url": "https://www.dropbox.com",
		"position": 21,
		"id": 59,
		"title": "Dropbox"
	},
	{
		"url": "https://drive.google.com/drive/my-drive",
		"title": "Google Drive",
		"position": 20,
		"id": 60
	},
	{
		"url": "https://app.box.com/folder/0",
		"title": "Box",
		"position": 22,
		"id": 61
	},
	{
		"url": "https://www.pinterest.com/",
		"title": "Pinterest",
		"position": 28,
		"id": 63
	},
	{
		"url": "https://danamw.github.io/",
		"title": "The Hangout",
		"position": 1,
		"id": 65
	},
	{
		"url": "https://counter.social/web/getting-started",
		"title": "CounterSocial",
		"id": 66
	},
	{
		"url": "https://discord.com/channels/566685241473761300/774086650442678373",
		"title": "Discord@Las Vegas",
		"position": 15,
		"id": 68
	},
	{
		"url": "https://www.flickr.com",
		"position": 29,
		"id": 69,
		"title": "Flickr"
	},
	{
		"url": "https://counter.social",
		"position": 42,
		"id": 72,
		"title": "Counter.Social"
	},
	{
		"url": "https://news.google.com",
		"position": 14,
		"id": 73,
		"title": "Google News"
	},
	{
		"url": "https://www.pbs.org/",
		"title": "PBS: Public Broadcasting Service",
		"position": 26,
		"id": 74
	},
	{
		"url": "https://wt.social/#",
		"title": "WT.Social",
		"position": 43,
		"id": 75
	},
	{
		"url": "https://www.reddit.com/",
		"title": "Reddit",
		"position": 5,
		"id": 78
	},
	{
		"url": "https://greasyfork.org",
		"position": 34,
		"id": 79
	},
	{
		"url": "https://www.hulu.com/",
		"title": "Hulu",
		"position": 25,
		"id": 80
	},
	{
		"url": "https://tweetdeck.twitter.com/#",
		"title": "TweetDeck",
		"position": 4,
		"id": 81
	},
	{
		"url": "https://www.twitter.com",
		"position": 8,
		"id": 83,
		"title": "Twitter"
	},
	{
		"url": "https://chat.google.com/",
		"title": "Google Chat",
		"position": 17,
		"id": 84
	},
	{
		"url": "https://duo.google.com/",
		"position": 24,
		"id": 85,
		"title": "Google Duo"
	},
	{
		"url": "https://www.peacocktv.com/watch/home",
		"title": "Peacock",
		"position": 27,
		"id": 86,
		"imageIsThumbnail": true
	},
	{
		"url": "https://www.walmart.com/",
		"title": "Walmart.com",
		"position": 12,
		"id": 87
	}
]