[
	{
		"url": "https://outlook.live.com/owa/",
		"title": "Outlook",
		"position": 8,
		"id": 1
	},
	{
		"url": "https://www.instagram.com/",
		"position": 8,
		"title": "Instagram",
		"id": 2
	},
	{
		"url": "http://www.gmail.com/",
		"title": "Gmail",
		"position": 4,
		"id": 3
	},
	{
		"url": "http://www.freewarefiles.com/",
		"title": "Freeware Files",
		"position": 46,
		"id": 4
	},
	{
		"url": "https://www.youtube.com/?tab=w1",
		"position": 6,
		"title": "YouTube",
		"id": 6
	},
	{
		"url": "http://www.wincustomize.com/explore/windowblinds",
		"position": 37,
		"title": "WinCustomize",
		"id": 11
	},
	{
		"url": "https://www.amazon.com/",
		"position": 21,
		"title": "Amazon",
		"id": 12
	},
	{
		"url": "http://www.stardock.com/",
		"position": 36,
		"title": "Stardock Corporation",
		"id": 17
	},
	{
		"url": "https://onedrive.live.com/",
		"position": 26,
		"title": "OneDrive",
		"id": 18
	},
	{
		"url": "https://mega.nz/",
		"position": 27,
		"title": "MEGA",
		"id": 20
	},
	{
		"url": "http://www.google.com/",
		"position": 10,
		"title": "Google",
		"id": 24
	},
	{
		"url": "https://voice.google.com/",
		"position": 5,
		"title": "Google Voice",
		"id": 25
	},
	{
		"url": "https://maps.google.com/",
		"position": 32,
		"title": "Google Maps",
		"id": 26
	},
	{
		"url": "https://github.com/DanaMW",
		"position": 20,
		"title": "GitHub",
		"id": 28
	},
	{
		"url": "https://userstyles.org/",
		"position": 42,
		"title": "Userstyles.org",
		"id": 32
	},
	{
		"url": "http://www.isitdownrightnow.com/",
		"position": 45,
		"title": "Is It Down Right Now?",
		"id": 35
	},
	{
		"url": "https://www.virustotal.com/",
		"position": 39,
		"title": "VirusTotal",
		"id": 37
	},
	{
		"url": "https://chrome-extension-downloader.com/",
		"title": "Chrome Extension Downloader",
		"position": 43,
		"id": 44
	},
	{
		"url": "https://openuserjs.org/",
		"title": "OpenUserJS",
		"position": 41,
		"id": 45
	},
	{
		"url": "http://192.168.0.1/",
		"title": "My Router",
		"position": 0,
		"id": 48
	},
	{
		"url": "https://freestyler.ws/",
		"title": "Freestyler",
		"position": 44,
		"id": 49
	},
	{
		"url": "https://my.visualstudio.com",
		"position": 38,
		"id": 50,
		"title": "Visualstudio.com"
	},
	{
		"url": "https://ello.co/",
		"title": "Ello",
		"position": 47,
		"id": 53
	},
	{
		"url": "https://sflix.to/home",
		"title": "SFlix HD Movies",
		"position": 24,
		"id": 58
	},
	{
		"url": "https://www.dropbox.com",
		"position": 30,
		"id": 59,
		"title": "Dropbox"
	},
	{
		"url": "https://drive.google.com/drive/my-drive",
		"title": "Google Drive",
		"position": 29,
		"id": 60
	},
	{
		"url": "https://app.box.com/folder/0",
		"title": "Box",
		"position": 31,
		"id": 61
	},
	{
		"url": "https://danamw.github.io/",
		"title": "The Hangout",
		"position": 1,
		"id": 65
	},
	{
		"url": "https://counter.social/web/getting-started",
		"title": "CounterSocial",
		"id": 66
	},
	{
		"url": "https://discord.com/channels/904299486833164361/904299487453925408",
		"title": "Discord@Oregon",
		"position": 2,
		"id": 68
	},
	{
		"url": "https://counter.social",
		"position": 49,
		"id": 72,
		"title": "Counter.Social"
	},
	{
		"url": "https://news.google.com",
		"position": 25,
		"id": 73,
		"title": "Google News"
	},
	{
		"url": "https://webmail.vivaldi.net/?_task=mail&_mbox=INBOX",
		"title": "Vivaldi WebMail",
		"position": 19,
		"id": 74
	},
	{
		"url": "https://wt.social/#",
		"title": "WT.Social",
		"position": 48,
		"id": 75
	},
	{
		"url": "https://www.reddit.com/",
		"title": "Reddit",
		"position": 7,
		"id": 78
	},
	{
		"url": "https://greasyfork.org",
		"position": 40,
		"id": 79,
		"title": "Greasyfork"
	},
	{
		"url": "https://tweetdeck.twitter.com/#",
		"title": "TweetDeck",
		"id": 81
	},
	{
		"url": "https://chat.google.com/",
		"title": "Google Chat",
		"position": 3,
		"id": 84
	},
	{
		"url": "https://www.peacocktv.com/watch/home",
		"title": "Peacock",
		"position": 11,
		"id": 86,
		"imageIsThumbnail": true
	},
	{
		"url": "https://www.walmart.com/",
		"title": "Walmart.com",
		"position": 23,
		"id": 87
	},
	{
		"url": "https://outlook.live.com/mail/0/",
		"title": "Outlook",
		"position": 18,
		"id": 88
	},
	{
		"url": "https://www.minecraft.net/en-us",
		"title": "Minecraft Official Site",
		"position": 28,
		"id": 89
	},
	{
		"url": "https://twitter.com/",
		"id": 91,
		"title": "Twitter"
	},
	{
		"title": "TechHub",
		"url": "https://techhub.social/getting-started",
		"position": 12,
		"id": 94,
		"imageIsThumbnail": true
	},
	{
		"url": "https://bsky.app/",
		"title": "Bluesky",
		"position": 13,
		"id": 96,
		"imageIsThumbnail": true
	},
	{
		"url": "https://www.netflix.com/browse",
		"title": "Netflix - Home",
		"position": 22,
		"id": 97
	},
	{
		"url": "https://www.threads.net/",
		"title": "Threads",
		"position": 15,
		"id": 98
	},
	{
		"url": "https://twitter.com/home",
		"title": "Twitter / Home",
		"position": 14,
		"id": 100
	},
	{
		"url": "https://spoutible.com/",
		"title": "Spoutible",
		"position": 16,
		"id": 102,
		"backgroundColor": "#00ffff"
	},
	{
		"url": "https://bard.google.com/",
		"title": "‎Gemini - AI Tool",
		"position": 9,
		"id": 103
	},
	{
		"url": "https://watch.sling.com/dashboard/grid_guide/grid_guide_all",
		"title": "Sling TV",
		"position": 17,
		"id": 104
	},
	{
		"url": "https://www.disneyplus.com/home",
		"title": "Home | Disney+",
		"position": 33,
		"id": 105
	},
	{
		"url": "https://www.hulu.com/hub/home",
		"title": "Hulu",
		"position": 34,
		"id": 106
	},
	{
		"url": "https://www.espn.com/",
		"title": "ESPN",
		"position": 35,
		"id": 107
	}
]