{"options":{"check_for_updates":true,"comment":null,"compatopts_for_requires":true,"compat_wrappedjsobject":false,"compat_metadata":false,"compat_foreach":false,"compat_arrayleft":false,"compat_uW_gmonkey":false,"compat_forvarin":false,"noframes":null,"awareOfChrome":false,"run_at":null,"override":{"use_includes":[],"orig_includes":["*://*/*"],"merge_includes":true,"use_matches":[],"orig_matches":[],"merge_matches":true,"use_excludes":[],"orig_excludes":["http://mail.google.com/*","https://mail.google.com/*"],"merge_excludes":true,"use_connects":[],"merge_connects":true,"use_blockers":[],"orig_run_at":"document-idle","orig_noframes":null,"orig_connects":[]}},"settings":{"enabled":false,"position":10},"meta":{"name":"AntiRightClickDisabler","uuid":"9d4d5952-eaf6-4b4f-be3e-597ab8a0cb6d","modified":1569952020857,"file_url":"https://danamw.github.io/jscripts/scripts/AntiRightClickDisabler.user.js"}}