{"options":{"check_for_updates":true,"comment":null,"compatopts_for_requires":true,"compat_wrappedjsobject":false,"compat_metadata":false,"compat_foreach":false,"compat_prototypes":false,"noframes":null,"run_at":null,"override":{"use_includes":[],"orig_includes":["https://twitter.com/*","http://twitter.com/*","http://*.twitter.com/*","https://*.twitter.com/*"],"merge_includes":true,"use_matches":[],"orig_matches":[],"merge_matches":true,"use_excludes":[],"orig_excludes":[],"merge_excludes":true,"use_connects":[],"merge_connects":true,"use_blockers":[],"orig_run_at":"document-idle","orig_noframes":null,"orig_connects":[]}},"settings":{"enabled":false,"position":15},"meta":{"name":"TweetDeckSlideHeader","uuid":"5aafd0b9-65b9-4eef-ad27-913a53422eff","modified":1621946884263,"file_url":"https://danamw.github.io/jscripts/scripts/TweetDeckSlideHeader.user.js"}}