{"options":{"check_for_updates":true,"comment":null,"compatopts_for_requires":true,"compat_wrappedjsobject":false,"compat_metadata":false,"compat_foreach":false,"compat_arrayleft":false,"compat_uW_gmonkey":false,"compat_forvarin":false,"noframes":null,"awareOfChrome":false,"run_at":null,"override":{"use_includes":[],"orig_includes":[],"merge_includes":true,"use_matches":[],"orig_matches":["http://www.youtube.com/*","https://www.youtube.com/*"],"merge_matches":true,"use_excludes":[],"orig_excludes":[],"merge_excludes":true,"use_connects":[],"merge_connects":true,"use_blockers":[],"orig_run_at":"document-idle","orig_noframes":true}},"settings":{"enabled":true,"position":1},"meta":{"name":"YouTube Player Controls","uuid":"11abc44c-acfc-4a7c-89cd-151f8fe5a38e","modified":1554068122154,"file_url":"https://greasyfork.org/scripts/16323-youtube-player-controls/code/YouTube%20Player%20Controls.user.js"}}