﻿<?xml version = "1.0" encoding = "utf-8" ?>

<helpItems schema="maml">

<command:command xmlns:maml="http://schemas.microsoft.com/maml/2004/10" xmlns:command="http://schemas.microsoft.com/maml/dev/command/2004/10" xmlns:dev="http://schemas.microsoft.com/maml/dev/2004/10" xmlns:MSHelp="http://msdn.microsoft.com/mshelp"><command:details><command:name>Get-NetFirewallApplicationFilter</command:name><maml:description><maml:para>Retrieves application filter objects from the target computer.</maml:para></maml:description><maml:copyright><maml:para /></maml:copyright><command:verb>Get</command:verb><command:noun>NetFirewallApplicationFilter</command:noun><dev:version /></command:details><maml:description><maml:para>The Get-NetFirewallApplicationFilter cmdlet returns application filter objects associated with the input rules.</maml:para><maml:para>Application filter objects represent the applications associated with firewall rules. The Program and Package parameters of a single rule are represented in a separate NetFirewallApplicationFilter object. The filter to rule relationship is always one-to-one and is managed automatically. Rule parameters associated with filters can only be queried using filter objects.</maml:para><maml:para>This cmdlet displays the programs associated with firewall rules. This allows for rule querying based on the application fields using the Program or Package parameters; this cmdlet returns filter objects that may be further queried with the <maml:navigationLink><maml:linkText>Where-Object</maml:linkText><maml:uri></maml:uri></maml:navigationLink> cmdlet. The resultant filters are passed into the Get-NetFirewallRule cmdlet to return the rules queried by address.</maml:para><maml:para>To modify the application conditions, two methods can be used starting with the application filters returned by this cmdlet and optional additional querying.</maml:para><maml:para>The application filter objects can be piped into the Get-NetFirewallRule cmdlet, which returns the rule objects associated with the filters. These rules are then piped into the Set-NetFirewallRule cmdlet where the application properties can be configured.</maml:para><maml:para>Alternatively, piping the address filter objects directly into the Set-NetFirewallAddressFilter cmdlet allows the Program and Package parameters of the rules to be specified.</maml:para></maml:description><command:syntax><command:syntaxItem><maml:name>Get-NetFirewallApplicationFilter</maml:name><command:parameter required="false" variableLength="false" globbing="false" pipelineInput="false" position="named" aliases=""><maml:name>All</maml:name><maml:description><maml:para>Indicates that all of the application filters within the specified policy store are retrieved.</maml:para></maml:description></command:parameter><command:parameter required="false" variableLength="false" globbing="false" pipelineInput="false" position="named" aliases=""><maml:name>AsJob</maml:name><maml:description><maml:para>Runs the cmdlet as a background job. Use this parameter to run commands that take a long time to complete. 
 The cmdlet immediately returns an object that represents the job and then displays the command prompt. You can continue to work in the session while the job completes. To manage the job, use the *-Job cmdlets. To get the job results, use the <maml:navigationLink><maml:linkText>Receive-Job</maml:linkText><maml:uri></maml:uri></maml:navigationLink> cmdlet. 
 For more information about Windows PowerShell® background jobs, see <maml:navigationLink><maml:linkText>about_Jobs</maml:linkText><maml:uri></maml:uri></maml:navigationLink>.</maml:para></maml:description></command:parameter><command:parameter required="false" variableLength="true" globbing="false" pipelineInput="false" position="named" aliases="Session"><maml:name>CimSession</maml:name><maml:description><maml:para>Runs the cmdlet in a remote session or on a remote computer. Enter a computer name or a session object, such as the output of a <maml:navigationLink><maml:linkText>New-CimSession</maml:linkText><maml:uri></maml:uri></maml:navigationLink> or <maml:navigationLink><maml:linkText>Get-CimSession</maml:linkText><maml:uri></maml:uri></maml:navigationLink> cmdlet. The default is the current session on the local computer.</maml:para></maml:description><command:parameterValue required="true" variableLength="true">CimSession[]</command:parameterValue></command:parameter><command:parameter required="false" variableLength="false" globbing="false" pipelineInput="false" position="named" aliases=""><maml:name>GPOSession</maml:name><maml:description><maml:para>Specifies the network GPO from which to retrieve the rules to be retrieved. 
                         
This parameter is used in the same way as the PolicyStore parameter. When modifying GPOs in Windows PowerShell®, each change to a GPO requires the entire GPO to be loaded, modified, and saved back. On a busy Domain Controller (DC), this can be a slow and resource-heavy operation. A GPO Session loads a domain GPO onto the local computer and makes all changes in a batch, before saving it back. This reduces the load on the DC and speeds up the Windows PowerShell cmdlets. To load a GPO Session, use the Open-NetGPO cmdlet. To save a GPO Session, use the Save-NetGPO cmdlet. </maml:para></maml:description><command:parameterValue required="true" variableLength="false">String</command:parameterValue></command:parameter><command:parameter required="false" variableLength="false" globbing="false" pipelineInput="false" position="named" aliases=""><maml:name>PolicyStore</maml:name><maml:description><maml:para>Specifies the policy store from which to retrieve the rules to be retrieved. 
                         
A policy store is a container for firewall and IPsec policy. 
The acceptable values for this parameter are: 
                         
 -- PersistentStore: Sometimes called static rules, this store contains the persistent policy for the local computer. This policy is not from GPOs, and has been created manually or programmatically (during application installation) on the computer. Rules created in this store are attached to the ActiveStore and activated on the computer immediately. 
                         
 -- ActiveStore: This store contains the currently active policy, which is the sum of all policy stores that apply to the computer. This is the resultant set of policy (RSOP) for the local computer (the sum of all GPOs that apply to the computer), and the local stores (the PersistentStore, the static Windows service hardening (WSH), and the configurable WSH). 
                         
 ---- GPOs are also policy stores. Computer GPOs can be specified as follows. 
                         
 ------ –PolicyStore hostname. 
                         
 ---- Active Directory GPOs can be specified as follows. 
                         
 ------ –PolicyStore domain.fqdn.com\GPO_Friendly_Name. 
                         
 ------ Such as the following. 
                         
 -------- -PolicyStore localhost
                         
 -------- -PolicyStore corp.contoso.com\FirewallPolicy
                         
 ---- Active Directory GPOs can be created using the New-GPO cmdlet or the Group Policy Management Console. 
                         
 -- RSOP: This read-only store contains the sum of all GPOs applied to the local computer. 
                         
 -- SystemDefaults: This read-only store contains the default state of firewall rules that ship with Windows Server® 2012. 
                         
 -- StaticServiceStore: This read-only store contains all the service restrictions that ship with Windows Server 2012. Optional and product-dependent features are considered part of Windows Server 2012 for the purposes of WFAS. 
                         
 -- ConfigurableServiceStore: This read-write store contains all the service restrictions that are added for third-party services. In addition, network isolation rules that are created for Windows Store application containers will appear in this policy store. 
                         
The default value is PersistentStore. 
Note: The Set-NetFirewallRule cmdlet cannot be used to add an object to a policy store. An object can only be added to a policy store at creation time with the Copy-NetFirewallRule cmdlet or with the New-NetFirewallRule cmdlet. </maml:para></maml:description><command:parameterValue required="true" variableLength="false">String</command:parameterValue></command:parameter><command:parameter required="false" variableLength="false" globbing="false" pipelineInput="false" position="named" aliases=""><maml:name>ThrottleLimit</maml:name><maml:description><maml:para>Specifies the maximum number of concurrent operations that can be established to run the cmdlet. If this parameter is omitted or a value of 0 is entered, then Windows PowerShell® calculates an optimum throttle limit for the cmdlet based on the number of CIM cmdlets that are running on the computer. The throttle limit applies only to the current cmdlet, not to the session or to the computer.</maml:para></maml:description><command:parameterValue required="true" variableLength="false">Int32</command:parameterValue></command:parameter></command:syntaxItem><command:syntaxItem><maml:name>Get-NetFirewallApplicationFilter</maml:name><command:parameter required="false" variableLength="false" globbing="false" pipelineInput="false" position="named" aliases=""><maml:name>AsJob</maml:name><maml:description><maml:para>Runs the cmdlet as a background job. Use this parameter to run commands that take a long time to complete. 
 The cmdlet immediately returns an object that represents the job and then displays the command prompt. You can continue to work in the session while the job completes. To manage the job, use the *-Job cmdlets. To get the job results, use the <maml:navigationLink><maml:linkText>Receive-Job</maml:linkText><maml:uri></maml:uri></maml:navigationLink> cmdlet. 
 For more information about Windows PowerShell® background jobs, see <maml:navigationLink><maml:linkText>about_Jobs</maml:linkText><maml:uri></maml:uri></maml:navigationLink>.</maml:para></maml:description></command:parameter><command:parameter required="false" variableLength="true" globbing="false" pipelineInput="false" position="named" aliases="Session"><maml:name>CimSession</maml:name><maml:description><maml:para>Runs the cmdlet in a remote session or on a remote computer. Enter a computer name or a session object, such as the output of a <maml:navigationLink><maml:linkText>New-CimSession</maml:linkText><maml:uri></maml:uri></maml:navigationLink> or <maml:navigationLink><maml:linkText>Get-CimSession</maml:linkText><maml:uri></maml:uri></maml:navigationLink> cmdlet. The default is the current session on the local computer.</maml:para></maml:description><command:parameterValue required="true" variableLength="true">CimSession[]</command:parameterValue></command:parameter><command:parameter required="false" variableLength="false" globbing="false" pipelineInput="false" position="named" aliases=""><maml:name>GPOSession</maml:name><maml:description><maml:para>Specifies the network GPO from which to retrieve the rules to be retrieved. 
                         
This parameter is used in the same way as the PolicyStore parameter. When modifying GPOs in Windows PowerShell®, each change to a GPO requires the entire GPO to be loaded, modified, and saved back. On a busy Domain Controller (DC), this can be a slow and resource-heavy operation. A GPO Session loads a domain GPO onto the local computer and makes all changes in a batch, before saving it back. This reduces the load on the DC and speeds up the Windows PowerShell cmdlets. To load a GPO Session, use the Open-NetGPO cmdlet. To save a GPO Session, use the Save-NetGPO cmdlet. </maml:para></maml:description><command:parameterValue required="true" variableLength="false">String</command:parameterValue></command:parameter><command:parameter required="false" variableLength="true" globbing="false" pipelineInput="false" position="named" aliases=""><maml:name>Package</maml:name><maml:description><maml:para>Specifies the Windows Store application to which the firewall rule applies. This parameter is specified as a security identifier (SID). 
Note: Querying for rules with this parameter can only be performed using filter objects. </maml:para></maml:description><command:parameterValue required="true" variableLength="true">String[]</command:parameterValue></command:parameter><command:parameter required="false" variableLength="false" globbing="false" pipelineInput="false" position="named" aliases=""><maml:name>PolicyStore</maml:name><maml:description><maml:para>Specifies the policy store from which to retrieve the rules to be retrieved. 
                         
A policy store is a container for firewall and IPsec policy. 
The acceptable values for this parameter are: 
                         
 -- PersistentStore: Sometimes called static rules, this store contains the persistent policy for the local computer. This policy is not from GPOs, and has been created manually or programmatically (during application installation) on the computer. Rules created in this store are attached to the ActiveStore and activated on the computer immediately. 
                         
 -- ActiveStore: This store contains the currently active policy, which is the sum of all policy stores that apply to the computer. This is the resultant set of policy (RSOP) for the local computer (the sum of all GPOs that apply to the computer), and the local stores (the PersistentStore, the static Windows service hardening (WSH), and the configurable WSH). 
                         
 ---- GPOs are also policy stores. Computer GPOs can be specified as follows. 
                         
 ------ –PolicyStore hostname. 
                         
 ---- Active Directory GPOs can be specified as follows. 
                         
 ------ –PolicyStore domain.fqdn.com\GPO_Friendly_Name. 
                         
 ------ Such as the following. 
                         
 -------- -PolicyStore localhost
                         
 -------- -PolicyStore corp.contoso.com\FirewallPolicy
                         
 ---- Active Directory GPOs can be created using the New-GPO cmdlet or the Group Policy Management Console. 
                         
 -- RSOP: This read-only store contains the sum of all GPOs applied to the local computer. 
                         
 -- SystemDefaults: This read-only store contains the default state of firewall rules that ship with Windows Server® 2012. 
                         
 -- StaticServiceStore: This read-only store contains all the service restrictions that ship with Windows Server 2012. Optional and product-dependent features are considered part of Windows Server 2012 for the purposes of WFAS. 
                         
 -- ConfigurableServiceStore: This read-write store contains all the service restrictions that are added for third-party services. In addition, network isolation rules that are created for Windows Store application containers will appear in this policy store. 
                         
The default value is PersistentStore. 
Note: The Set-NetFirewallRule cmdlet cannot be used to add an object to a policy store. An object can only be added to a policy store at creation time with the Copy-NetFirewallRule cmdlet or with the New-NetFirewallRule cmdlet. </maml:para></maml:description><command:parameterValue required="true" variableLength="false">String</command:parameterValue></command:parameter><command:parameter required="false" variableLength="true" globbing="false" pipelineInput="false" position="named" aliases=""><maml:name>Program</maml:name><maml:description><maml:para>Specifies the path and file name of the program for which the rule allows traffic. This is specified as the full path to an application file. 
Note: Querying for rules with this parameter can only be performed using filter objects. </maml:para></maml:description><command:parameterValue required="true" variableLength="true">String[]</command:parameterValue></command:parameter><command:parameter required="false" variableLength="false" globbing="false" pipelineInput="false" position="named" aliases=""><maml:name>ThrottleLimit</maml:name><maml:description><maml:para>Specifies the maximum number of concurrent operations that can be established to run the cmdlet. If this parameter is omitted or a value of 0 is entered, then Windows PowerShell® calculates an optimum throttle limit for the cmdlet based on the number of CIM cmdlets that are running on the computer. The throttle limit applies only to the current cmdlet, not to the session or to the computer.</maml:para></maml:description><command:parameterValue required="true" variableLength="false">Int32</command:parameterValue></command:parameter></command:syntaxItem><command:syntaxItem><maml:name>Get-NetFirewallApplicationFilter</maml:name><command:parameter required="false" variableLength="false" globbing="false" pipelineInput="false" position="named" aliases=""><maml:name>AsJob</maml:name><maml:description><maml:para>Runs the cmdlet as a background job. Use this parameter to run commands that take a long time to complete. 
 The cmdlet immediately returns an object that represents the job and then displays the command prompt. You can continue to work in the session while the job completes. To manage the job, use the *-Job cmdlets. To get the job results, use the <maml:navigationLink><maml:linkText>Receive-Job</maml:linkText><maml:uri></maml:uri></maml:navigationLink> cmdlet. 
 For more information about Windows PowerShell® background jobs, see <maml:navigationLink><maml:linkText>about_Jobs</maml:linkText><maml:uri></maml:uri></maml:navigationLink>.</maml:para></maml:description></command:parameter><command:parameter required="false" variableLength="true" globbing="false" pipelineInput="false" position="named" aliases="Session"><maml:name>CimSession</maml:name><maml:description><maml:para>Runs the cmdlet in a remote session or on a remote computer. Enter a computer name or a session object, such as the output of a <maml:navigationLink><maml:linkText>New-CimSession</maml:linkText><maml:uri></maml:uri></maml:navigationLink> or <maml:navigationLink><maml:linkText>Get-CimSession</maml:linkText><maml:uri></maml:uri></maml:navigationLink> cmdlet. The default is the current session on the local computer.</maml:para></maml:description><command:parameterValue required="true" variableLength="true">CimSession[]</command:parameterValue></command:parameter><command:parameter required="false" variableLength="false" globbing="false" pipelineInput="false" position="named" aliases=""><maml:name>GPOSession</maml:name><maml:description><maml:para>Specifies the network GPO from which to retrieve the rules to be retrieved. 
                         
This parameter is used in the same way as the PolicyStore parameter. When modifying GPOs in Windows PowerShell®, each change to a GPO requires the entire GPO to be loaded, modified, and saved back. On a busy Domain Controller (DC), this can be a slow and resource-heavy operation. A GPO Session loads a domain GPO onto the local computer and makes all changes in a batch, before saving it back. This reduces the load on the DC and speeds up the Windows PowerShell cmdlets. To load a GPO Session, use the Open-NetGPO cmdlet. To save a GPO Session, use the Save-NetGPO cmdlet. </maml:para></maml:description><command:parameterValue required="true" variableLength="false">String</command:parameterValue></command:parameter><command:parameter required="false" variableLength="false" globbing="false" pipelineInput="false" position="named" aliases=""><maml:name>PolicyStore</maml:name><maml:description><maml:para>Specifies the policy store from which to retrieve the rules to be retrieved. 
                         
A policy store is a container for firewall and IPsec policy. 
The acceptable values for this parameter are: 
                         
 -- PersistentStore: Sometimes called static rules, this store contains the persistent policy for the local computer. This policy is not from GPOs, and has been created manually or programmatically (during application installation) on the computer. Rules created in this store are attached to the ActiveStore and activated on the computer immediately. 
                         
 -- ActiveStore: This store contains the currently active policy, which is the sum of all policy stores that apply to the computer. This is the resultant set of policy (RSOP) for the local computer (the sum of all GPOs that apply to the computer), and the local stores (the PersistentStore, the static Windows service hardening (WSH), and the configurable WSH). 
                         
 ---- GPOs are also policy stores. Computer GPOs can be specified as follows. 
                         
 ------ –PolicyStore hostname. 
                         
 ---- Active Directory GPOs can be specified as follows. 
                         
 ------ –PolicyStore domain.fqdn.com\GPO_Friendly_Name. 
                         
 ------ Such as the following. 
                         
 -------- -PolicyStore localhost
                         
 -------- -PolicyStore corp.contoso.com\FirewallPolicy
                         
 ---- Active Directory GPOs can be created using the New-GPO cmdlet or the Group Policy Management Console. 
                         
 -- RSOP: This read-only store contains the sum of all GPOs applied to the local computer. 
                         
 -- SystemDefaults: This read-only store contains the default state of firewall rules that ship with Windows Server® 2012. 
                         
 -- StaticServiceStore: This read-only store contains all the service restrictions that ship with Windows Server 2012. Optional and product-dependent features are considered part of Windows Server 2012 for the purposes of WFAS. 
                         
 -- ConfigurableServiceStore: This read-write store contains all the service restrictions that are added for third-party services. In addition, network isolation rules that are created for Windows Store application containers will appear in this policy store. 
                         
The default value is PersistentStore. 
Note: The Set-NetFirewallRule cmdlet cannot be used to add an object to a policy store. An object can only be added to a policy store at creation time with the Copy-NetFirewallRule cmdlet or with the New-NetFirewallRule cmdlet. </maml:para></maml:description><command:parameterValue required="true" variableLength="false">String</command:parameterValue></command:parameter><command:parameter required="false" variableLength="false" globbing="false" pipelineInput="false" position="named" aliases=""><maml:name>ThrottleLimit</maml:name><maml:description><maml:para>Specifies the maximum number of concurrent operations that can be established to run the cmdlet. If this parameter is omitted or a value of 0 is entered, then Windows PowerShell® calculates an optimum throttle limit for the cmdlet based on the number of CIM cmdlets that are running on the computer. The throttle limit applies only to the current cmdlet, not to the session or to the computer.</maml:para></maml:description><command:parameterValue required="true" variableLength="false">Int32</command:parameterValue></command:parameter><command:parameter required="true" variableLength="false" globbing="false" pipelineInput="True (ByValue)" position="named" aliases=""><maml:name>AssociatedNetFirewallRule</maml:name><maml:description><maml:para>Gets the application filter object associated with the specified firewall rule to be retrieved. 
                         
This parameter represents a firewall rule, which defines how traffic is filtered by the firewall. See the New-NetFirewallRule cmdlet for more information. </maml:para></maml:description><command:parameterValue required="true" variableLength="false">CimInstance</command:parameterValue></command:parameter></command:syntaxItem></command:syntax><command:parameters><command:parameter required="false" variableLength="false" globbing="false" pipelineInput="false" position="named" aliases=""><maml:name>All</maml:name><maml:description><maml:para>Indicates that all of the application filters within the specified policy store are retrieved.</maml:para></maml:description><command:parameterValue required="false" variableLength="false">SwitchParameter</command:parameterValue><dev:type><maml:name>SwitchParameter</maml:name><maml:uri /></dev:type><dev:defaultValue></dev:defaultValue></command:parameter><command:parameter required="false" variableLength="false" globbing="false" pipelineInput="false" position="named" aliases=""><maml:name>AsJob</maml:name><maml:description><maml:para>Runs the cmdlet as a background job. Use this parameter to run commands that take a long time to complete. 
 The cmdlet immediately returns an object that represents the job and then displays the command prompt. You can continue to work in the session while the job completes. To manage the job, use the *-Job cmdlets. To get the job results, use the <maml:navigationLink><maml:linkText>Receive-Job</maml:linkText><maml:uri></maml:uri></maml:navigationLink> cmdlet. 
 For more information about Windows PowerShell® background jobs, see <maml:navigationLink><maml:linkText>about_Jobs</maml:linkText><maml:uri></maml:uri></maml:navigationLink>.</maml:para></maml:description><command:parameterValue required="false" variableLength="false">SwitchParameter</command:parameterValue><dev:type><maml:name>SwitchParameter</maml:name><maml:uri /></dev:type><dev:defaultValue></dev:defaultValue></command:parameter><command:parameter required="true" variableLength="false" globbing="false" pipelineInput="True (ByValue)" position="named" aliases=""><maml:name>AssociatedNetFirewallRule</maml:name><maml:description><maml:para>Gets the application filter object associated with the specified firewall rule to be retrieved. 
                         
This parameter represents a firewall rule, which defines how traffic is filtered by the firewall. See the New-NetFirewallRule cmdlet for more information. </maml:para></maml:description><command:parameterValue required="true" variableLength="false">CimInstance</command:parameterValue><dev:type><maml:name>CimInstance</maml:name><maml:uri /></dev:type><dev:defaultValue></dev:defaultValue></command:parameter><command:parameter required="false" variableLength="true" globbing="false" pipelineInput="false" position="named" aliases="Session"><maml:name>CimSession</maml:name><maml:description><maml:para>Runs the cmdlet in a remote session or on a remote computer. Enter a computer name or a session object, such as the output of a <maml:navigationLink><maml:linkText>New-CimSession</maml:linkText><maml:uri></maml:uri></maml:navigationLink> or <maml:navigationLink><maml:linkText>Get-CimSession</maml:linkText><maml:uri></maml:uri></maml:navigationLink> cmdlet. The default is the current session on the local computer.</maml:para></maml:description><command:parameterValue required="true" variableLength="true">CimSession[]</command:parameterValue><dev:type><maml:name>CimSession[]</maml:name><maml:uri /></dev:type><dev:defaultValue></dev:defaultValue></command:parameter><command:parameter required="false" variableLength="false" globbing="false" pipelineInput="false" position="named" aliases=""><maml:name>GPOSession</maml:name><maml:description><maml:para>Specifies the network GPO from which to retrieve the rules to be retrieved. 
                         
This parameter is used in the same way as the PolicyStore parameter. When modifying GPOs in Windows PowerShell®, each change to a GPO requires the entire GPO to be loaded, modified, and saved back. On a busy Domain Controller (DC), this can be a slow and resource-heavy operation. A GPO Session loads a domain GPO onto the local computer and makes all changes in a batch, before saving it back. This reduces the load on the DC and speeds up the Windows PowerShell cmdlets. To load a GPO Session, use the Open-NetGPO cmdlet. To save a GPO Session, use the Save-NetGPO cmdlet. </maml:para></maml:description><command:parameterValue required="true" variableLength="false">String</command:parameterValue><dev:type><maml:name>String</maml:name><maml:uri /></dev:type><dev:defaultValue></dev:defaultValue></command:parameter><command:parameter required="false" variableLength="true" globbing="false" pipelineInput="false" position="named" aliases=""><maml:name>Package</maml:name><maml:description><maml:para>Specifies the Windows Store application to which the firewall rule applies. This parameter is specified as a security identifier (SID). 
Note: Querying for rules with this parameter can only be performed using filter objects. </maml:para></maml:description><command:parameterValue required="true" variableLength="true">String[]</command:parameterValue><dev:type><maml:name>String[]</maml:name><maml:uri /></dev:type><dev:defaultValue></dev:defaultValue></command:parameter><command:parameter required="false" variableLength="false" globbing="false" pipelineInput="false" position="named" aliases=""><maml:name>PolicyStore</maml:name><maml:description><maml:para>Specifies the policy store from which to retrieve the rules to be retrieved. 
                         
A policy store is a container for firewall and IPsec policy. 
The acceptable values for this parameter are: 
                         
 -- PersistentStore: Sometimes called static rules, this store contains the persistent policy for the local computer. This policy is not from GPOs, and has been created manually or programmatically (during application installation) on the computer. Rules created in this store are attached to the ActiveStore and activated on the computer immediately. 
                         
 -- ActiveStore: This store contains the currently active policy, which is the sum of all policy stores that apply to the computer. This is the resultant set of policy (RSOP) for the local computer (the sum of all GPOs that apply to the computer), and the local stores (the PersistentStore, the static Windows service hardening (WSH), and the configurable WSH). 
                         
 ---- GPOs are also policy stores. Computer GPOs can be specified as follows. 
                         
 ------ –PolicyStore hostname. 
                         
 ---- Active Directory GPOs can be specified as follows. 
                         
 ------ –PolicyStore domain.fqdn.com\GPO_Friendly_Name. 
                         
 ------ Such as the following. 
                         
 -------- -PolicyStore localhost
                         
 -------- -PolicyStore corp.contoso.com\FirewallPolicy
                         
 ---- Active Directory GPOs can be created using the New-GPO cmdlet or the Group Policy Management Console. 
                         
 -- RSOP: This read-only store contains the sum of all GPOs applied to the local computer. 
                         
 -- SystemDefaults: This read-only store contains the default state of firewall rules that ship with Windows Server® 2012. 
                         
 -- StaticServiceStore: This read-only store contains all the service restrictions that ship with Windows Server 2012. Optional and product-dependent features are considered part of Windows Server 2012 for the purposes of WFAS. 
                         
 -- ConfigurableServiceStore: This read-write store contains all the service restrictions that are added for third-party services. In addition, network isolation rules that are created for Windows Store application containers will appear in this policy store. 
                         
The default value is PersistentStore. 
Note: The Set-NetFirewallRule cmdlet cannot be used to add an object to a policy store. An object can only be added to a policy store at creation time with the Copy-NetFirewallRule cmdlet or with the New-NetFirewallRule cmdlet. </maml:para></maml:description><command:parameterValue required="true" variableLength="false">String</command:parameterValue><dev:type><maml:name>String</maml:name><maml:uri /></dev:type><dev:defaultValue></dev:defaultValue></command:parameter><command:parameter required="false" variableLength="true" globbing="false" pipelineInput="false" position="named" aliases=""><maml:name>Program</maml:name><maml:description><maml:para>Specifies the path and file name of the program for which the rule allows traffic. This is specified as the full path to an application file. 
Note: Querying for rules with this parameter can only be performed using filter objects. </maml:para></maml:description><command:parameterValue required="true" variableLength="true">String[]</command:parameterValue><dev:type><maml:name>String[]</maml:name><maml:uri /></dev:type><dev:defaultValue></dev:defaultValue></command:parameter><command:parameter required="false" variableLength="false" globbing="false" pipelineInput="false" position="named" aliases=""><maml:name>ThrottleLimit</maml:name><maml:description><maml:para>Specifies the maximum number of concurrent operations that can be established to run the cmdlet. If this parameter is omitted or a value of 0 is entered, then Windows PowerShell® calculates an optimum throttle limit for the cmdlet based on the number of CIM cmdlets that are running on the computer. The throttle limit applies only to the current cmdlet, not to the session or to the computer.</maml:para></maml:description><command:parameterValue required="true" variableLength="false">Int32</command:parameterValue><dev:type><maml:name>Int32</maml:name><maml:uri /></dev:type><dev:defaultValue></dev:defaultValue></command:parameter></command:parameters><command:inputTypes><command:inputType><dev:type><maml:name>Microsoft.Management.Infrastructure.CimInstance#root\StandardCimv2\MSFT_NetFirewallRule</maml:name><maml:uri></maml:uri><maml:description><maml:para /></maml:description></dev:type><maml:description><maml:para>The Microsoft.Management.Infrastructure.CimInstance object is a wrapper class that displays Windows Management Instrumentation (WMI) objects. The path after the pound sign (#) provides the namespace and class name for the underlying WMI object.</maml:para></maml:description></command:inputType></command:inputTypes><command:returnValues><command:returnValue><dev:type><maml:name>Microsoft.Management.Infrastructure.CimInstance#root\StandardCimv2\MSFT_NetApplicationFilter[]</maml:name><maml:uri></maml:uri><maml:description><maml:para /></maml:description></dev:type><maml:description><maml:para>The Microsoft.Management.Infrastructure.CimInstance object is a wrapper class that displays Windows Management Instrumentation (WMI) objects. The path after the pound sign (#) provides the namespace and class name for the underlying WMI object.</maml:para></maml:description></command:returnValue></command:returnValues><command:terminatingErrors /><command:nonTerminatingErrors /><command:examples><command:example><maml:title>EXAMPLE 1</maml:title><maml:introduction><maml:para></maml:para></maml:introduction><dev:code>This example gets all of the firewall rules configured to a specified program.
PS C:\&gt;Get-NetFirewallApplicationFilter -PolicyStore ActiveStore


This cmdlet shows the same information in a dynamically-sized, formatted table.
PS C:\&gt;Get-NetFirewallApplicationFilter -PolicyStore ActiveStore | Format-Table

</dev:code><dev:remarks><maml:para>This example retrieves the applications associated with all of the rules in the active store.</maml:para></dev:remarks><command:commandLines><command:commandLine><command:commandText /></command:commandLine></command:commandLines></command:example><command:example><maml:title>EXAMPLE 2</maml:title><maml:introduction><maml:para></maml:para></maml:introduction><dev:code>PS C:\&gt;Get-NetFirewallRule –DisplayName "Contoso Messenger" | Get-NetFirewallApplicationFilter

</dev:code><dev:remarks><maml:para>This example gets the application configurations associated with a particular firewall rule.</maml:para></dev:remarks><command:commandLines><command:commandLine><command:commandText /></command:commandLine></command:commandLines></command:example><command:example><maml:title>EXAMPLE 3</maml:title><maml:introduction><maml:para></maml:para></maml:introduction><dev:code>
PS C:\&gt;Get-NetFirewallRule –DisplayName "Contoso Messenger" | Get-NetFirewallApplicationFilter | Set-NetFirewallApplicationFilter –Program %SystemRoot%\System32\messenger.exe


An alternate method for performing the same action.
PS C:\&gt;Set-NetFirewallRule –DisplayName "Contoso Messenger" –Program %SystemRoot%\System32\messenger.exe

</dev:code><dev:remarks><maml:para>This example changes the application path associated with a particular firewall rule.</maml:para></dev:remarks><command:commandLines><command:commandLine><command:commandText /></command:commandLine></command:commandLines></command:example><command:example><maml:title>EXAMPLE 4</maml:title><maml:introduction><maml:para></maml:para></maml:introduction><dev:code>
PS C:\&gt;$NewPackageSDDL = "S-1-15-2-4292807980-2381230043-3108820062-1451069988-2614848061-670482394-695399705"



PS C:\&gt;Get-NetFirewallRule –Group Socialite | Get-NetFirewallApplicationFilter | Set-NetFirewallAddressFilter –Package $NewPackageSDDL

</dev:code><dev:remarks><maml:para>This example modifies the package associated with all of the related firewall rules for the Windows Store applications.</maml:para></dev:remarks><command:commandLines><command:commandLine><command:commandText /></command:commandLine></command:commandLines></command:example></command:examples><maml:relatedLinks><maml:navigationLink><maml:linkText>Online Version:</maml:linkText><maml:uri>http://go.microsoft.com/fwlink/?LinkId=268418</maml:uri></maml:navigationLink><maml:navigationLink><maml:linkText>Format-Table</maml:linkText><maml:uri></maml:uri></maml:navigationLink><maml:navigationLink><maml:linkText>Where-Object</maml:linkText><maml:uri></maml:uri></maml:navigationLink><maml:navigationLink><maml:linkText>Copy-NetIPsecRule</maml:linkText><maml:uri /></maml:navigationLink><maml:navigationLink><maml:linkText>Get-NetFirewallRule</maml:linkText><maml:uri /></maml:navigationLink><maml:navigationLink><maml:linkText>Get-NetIPSecRule</maml:linkText><maml:uri /></maml:navigationLink><maml:navigationLink><maml:linkText>New-NetIPsecRule</maml:linkText><maml:uri /></maml:navigationLink><maml:navigationLink><maml:linkText>Open-NetGPO</maml:linkText><maml:uri /></maml:navigationLink><maml:navigationLink><maml:linkText>Save-NetGPO</maml:linkText><maml:uri /></maml:navigationLink><maml:navigationLink><maml:linkText>Set-NetFirewallAddressFilter</maml:linkText><maml:uri /></maml:navigationLink><maml:navigationLink><maml:linkText>Set-NetFirewallRule</maml:linkText><maml:uri /></maml:navigationLink><maml:navigationLink><maml:linkText>Set-NetIPSecRule</maml:linkText><maml:uri /></maml:navigationLink><maml:navigationLink><maml:linkText>New-GPO</maml:linkText><maml:uri /></maml:navigationLink></maml:relatedLinks></command:command>

<command:command xmlns:maml="http://schemas.microsoft.com/maml/2004/10" xmlns:command="http://schemas.microsoft.com/maml/dev/command/2004/10" xmlns:dev="http://schemas.microsoft.com/maml/dev/2004/10" xmlns:MSHelp="http://msdn.microsoft.com/mshelp"><command:details><command:name>Set-NetFirewallApplicationFilter</command:name><maml:description><maml:para>Modifies application filter objects, thereby modifying the program and package conditions of the firewall rules.</maml:para></maml:description><maml:copyright><maml:para /></maml:copyright><command:verb>Set</command:verb><command:noun>NetFirewallApplicationFilter</command:noun><dev:version /></command:details><maml:description><maml:para>The Set-NetFirewallApplicationFilter cmdlet modifies the applications associated with the input firewall rules.</maml:para><maml:para>See the Get-NetFirewallApplicationFilter cmdlet for more information on application filters.</maml:para><maml:para>To modify the application conditions, two methods can be used starting with the application filters returned by the Get-NetFirewallApplicationFilter cmdlet and optional additional querying. 
                       
 -- The application filter objects can be piped to the Get-NetFirewallRule cmdlet, which returns the rule objects associated with the filters. These rules are then piped to the Set-NetFirewallRule cmdlet where the application properties can be configured. 
                       
 -- Alternatively, piping the address filter objects directly to this cmdlet allows the Program and Package parameters of the rules to be specified. </maml:para></maml:description><command:syntax><command:syntaxItem><maml:name>Set-NetFirewallApplicationFilter</maml:name><command:parameter required="false" variableLength="false" globbing="false" pipelineInput="false" position="named" aliases=""><maml:name>AsJob</maml:name><maml:description><maml:para>Runs the cmdlet as a background job. Use this parameter to run commands that take a long time to complete. 
 The cmdlet immediately returns an object that represents the job and then displays the command prompt. You can continue to work in the session while the job completes. To manage the job, use the *-Job cmdlets. To get the job results, use the <maml:navigationLink><maml:linkText>Receive-Job</maml:linkText><maml:uri></maml:uri></maml:navigationLink> cmdlet. 
 For more information about Windows PowerShell® background jobs, see <maml:navigationLink><maml:linkText>about_Jobs</maml:linkText><maml:uri></maml:uri></maml:navigationLink>.</maml:para></maml:description></command:parameter><command:parameter required="false" variableLength="true" globbing="false" pipelineInput="false" position="named" aliases="Session"><maml:name>CimSession</maml:name><maml:description><maml:para>Runs the cmdlet in a remote session or on a remote computer. Enter a computer name or a session object, such as the output of a <maml:navigationLink><maml:linkText>New-CimSession</maml:linkText><maml:uri></maml:uri></maml:navigationLink> or <maml:navigationLink><maml:linkText>Get-CimSession</maml:linkText><maml:uri></maml:uri></maml:navigationLink> cmdlet. The default is the current session on the local computer.</maml:para></maml:description><command:parameterValue required="true" variableLength="true">CimSession[]</command:parameterValue></command:parameter><command:parameter required="false" variableLength="false" globbing="false" pipelineInput="false" position="named" aliases=""><maml:name>GPOSession</maml:name><maml:description><maml:para>Specifies the network GPO from which to retrieve the rules to be modified. 
                         
This parameter is used in the same way as the PolicyStore parameter. When modifying GPOs in Windows PowerShell®, each change to a GPO requires the entire GPO to be loaded, modified, and saved back. On a busy Domain Controller (DC), this can be a slow and resource-heavy operation. A GPO Session loads a domain GPO onto the local computer and makes all changes in a batch, before saving it back. This reduces the load on the DC and speeds up the Windows PowerShell cmdlets. To load a GPO Session, use the Open-NetGPO cmdlet. To save a GPO Session, use the Save-NetGPO cmdlet. </maml:para></maml:description><command:parameterValue required="true" variableLength="false">String</command:parameterValue></command:parameter><command:parameter required="false" variableLength="false" globbing="false" pipelineInput="false" position="named" aliases=""><maml:name>Package</maml:name><maml:description><maml:para>Specifies the Windows Store application to which the firewall rule applies. This parameter is specified as a security identifier (SID). 
Note: Querying for rules with this parameter can only be performed using filter objects. </maml:para></maml:description><command:parameterValue required="true" variableLength="false">String</command:parameterValue></command:parameter><command:parameter required="false" variableLength="false" globbing="false" pipelineInput="false" position="named" aliases=""><maml:name>PassThru</maml:name><maml:description><maml:para>Returns an object representing the item with which you are working. By default, this cmdlet does not generate any output.</maml:para></maml:description></command:parameter><command:parameter required="false" variableLength="false" globbing="false" pipelineInput="false" position="named" aliases=""><maml:name>PolicyStore</maml:name><maml:description><maml:para>Specifies the policy store from which to retrieve the rules to be modified. 
                         
A policy store is a container for firewall and IPsec policy. 
The acceptable values for this parameter are: 
                         
 -- PersistentStore: Sometimes called static rules, this store contains the persistent policy for the local computer. This policy is not from GPOs, and has been created manually or programmatically (during application installation) on the computer. Rules created in this store are attached to the ActiveStore and activated on the computer immediately. 
                         
 -- ActiveStore: This store contains the currently active policy, which is the sum of all policy stores that apply to the computer. This is the resultant set of policy (RSOP) for the local computer (the sum of all GPOs that apply to the computer), and the local stores (the PersistentStore, the static Windows service hardening (WSH), and the configurable WSH). 
                         
 ---- GPOs are also policy stores. Computer GPOs can be specified as follows. 
                         
 ------ –PolicyStore hostname. 
                         
 ---- Active Directory GPOs can be specified as follows. 
                         
 ------ –PolicyStore domain.fqdn.com\GPO_Friendly_Name. 
                         
 ------ Such as the following. 
                         
 -------- -PolicyStore localhost
                         
 -------- -PolicyStore corp.contoso.com\FirewallPolicy
                         
 ---- Active Directory GPOs can be created using the New-GPO cmdlet or the Group Policy Management Console. 
                         
 -- RSOP: This read-only store contains the sum of all GPOs applied to the local computer. 
                         
 -- SystemDefaults: This read-only store contains the default state of firewall rules that ship with Windows Server® 2012. 
                         
 -- StaticServiceStore: This read-only store contains all the service restrictions that ship with Windows Server 2012. Optional and product-dependent features are considered part of Windows Server 2012 for the purposes of WFAS. 
                         
 -- ConfigurableServiceStore: This read-write store contains all the service restrictions that are added for third-party services. In addition, network isolation rules that are created for Windows Store application containers will appear in this policy store. 
                         
The default value is PersistentStore. 
Note: The Set-NetFirewallRule cmdlet cannot be used to add an object to a policy store. An object can only be added to a policy store at creation time with the Copy-NetFirewallRule or with the New-NetFirewallRule cmdlet. </maml:para></maml:description><command:parameterValue required="true" variableLength="false">String</command:parameterValue></command:parameter><command:parameter required="false" variableLength="false" globbing="false" pipelineInput="false" position="named" aliases=""><maml:name>Program</maml:name><maml:description><maml:para>Specifies the path and file name of the program for which the rule allows traffic. This is specified as the full path to an application file. 
Note: Querying for rules with this parameter can only be performed using filter objects. </maml:para></maml:description><command:parameterValue required="true" variableLength="false">String</command:parameterValue></command:parameter><command:parameter required="false" variableLength="false" globbing="false" pipelineInput="false" position="named" aliases=""><maml:name>ThrottleLimit</maml:name><maml:description><maml:para>Specifies the maximum number of concurrent operations that can be established to run the cmdlet. If this parameter is omitted or a value of 0 is entered, then Windows PowerShell® calculates an optimum throttle limit for the cmdlet based on the number of CIM cmdlets that are running on the computer. The throttle limit applies only to the current cmdlet, not to the session or to the computer.</maml:para></maml:description><command:parameterValue required="true" variableLength="false">Int32</command:parameterValue></command:parameter><command:parameter required="false" variableLength="true" globbing="false" pipelineInput="false" position="named"><maml:name>Confirm</maml:name><maml:description><maml:para>Prompts you for confirmation before running the cmdlet.</maml:para></maml:description></command:parameter><command:parameter required="false" variableLength="true" globbing="false" pipelineInput="false" position="named"><maml:name>WhatIf</maml:name><maml:description><maml:para>Shows what would happen if the cmdlet runs. The cmdlet is not run.</maml:para></maml:description></command:parameter></command:syntaxItem><command:syntaxItem><maml:name>Set-NetFirewallApplicationFilter</maml:name><command:parameter required="false" variableLength="false" globbing="false" pipelineInput="false" position="named" aliases=""><maml:name>AsJob</maml:name><maml:description><maml:para>Runs the cmdlet as a background job. Use this parameter to run commands that take a long time to complete. 
 The cmdlet immediately returns an object that represents the job and then displays the command prompt. You can continue to work in the session while the job completes. To manage the job, use the *-Job cmdlets. To get the job results, use the <maml:navigationLink><maml:linkText>Receive-Job</maml:linkText><maml:uri></maml:uri></maml:navigationLink> cmdlet. 
 For more information about Windows PowerShell® background jobs, see <maml:navigationLink><maml:linkText>about_Jobs</maml:linkText><maml:uri></maml:uri></maml:navigationLink>.</maml:para></maml:description></command:parameter><command:parameter required="false" variableLength="true" globbing="false" pipelineInput="false" position="named" aliases="Session"><maml:name>CimSession</maml:name><maml:description><maml:para>Runs the cmdlet in a remote session or on a remote computer. Enter a computer name or a session object, such as the output of a <maml:navigationLink><maml:linkText>New-CimSession</maml:linkText><maml:uri></maml:uri></maml:navigationLink> or <maml:navigationLink><maml:linkText>Get-CimSession</maml:linkText><maml:uri></maml:uri></maml:navigationLink> cmdlet. The default is the current session on the local computer.</maml:para></maml:description><command:parameterValue required="true" variableLength="true">CimSession[]</command:parameterValue></command:parameter><command:parameter required="false" variableLength="false" globbing="false" pipelineInput="false" position="named" aliases=""><maml:name>Package</maml:name><maml:description><maml:para>Specifies the Windows Store application to which the firewall rule applies. This parameter is specified as a security identifier (SID). 
Note: Querying for rules with this parameter can only be performed using filter objects. </maml:para></maml:description><command:parameterValue required="true" variableLength="false">String</command:parameterValue></command:parameter><command:parameter required="false" variableLength="false" globbing="false" pipelineInput="false" position="named" aliases=""><maml:name>PassThru</maml:name><maml:description><maml:para>Returns an object representing the item with which you are working. By default, this cmdlet does not generate any output.</maml:para></maml:description></command:parameter><command:parameter required="false" variableLength="false" globbing="false" pipelineInput="false" position="named" aliases=""><maml:name>Program</maml:name><maml:description><maml:para>Specifies the path and file name of the program for which the rule allows traffic. This is specified as the full path to an application file. 
Note: Querying for rules with this parameter can only be performed using filter objects. </maml:para></maml:description><command:parameterValue required="true" variableLength="false">String</command:parameterValue></command:parameter><command:parameter required="false" variableLength="false" globbing="false" pipelineInput="false" position="named" aliases=""><maml:name>ThrottleLimit</maml:name><maml:description><maml:para>Specifies the maximum number of concurrent operations that can be established to run the cmdlet. If this parameter is omitted or a value of 0 is entered, then Windows PowerShell® calculates an optimum throttle limit for the cmdlet based on the number of CIM cmdlets that are running on the computer. The throttle limit applies only to the current cmdlet, not to the session or to the computer.</maml:para></maml:description><command:parameterValue required="true" variableLength="false">Int32</command:parameterValue></command:parameter><command:parameter required="true" variableLength="true" globbing="false" pipelineInput="True (ByValue)" position="named" aliases=""><maml:name>InputObject</maml:name><maml:description><maml:para>Specifies the input to this cmdlet. You can use this parameter, or you can pipe the input to this cmdlet.</maml:para></maml:description><command:parameterValue required="true" variableLength="true">CimInstance[]</command:parameterValue></command:parameter><command:parameter required="false" variableLength="true" globbing="false" pipelineInput="false" position="named"><maml:name>Confirm</maml:name><maml:description><maml:para>Prompts you for confirmation before running the cmdlet.</maml:para></maml:description></command:parameter><command:parameter required="false" variableLength="true" globbing="false" pipelineInput="false" position="named"><maml:name>WhatIf</maml:name><maml:description><maml:para>Shows what would happen if the cmdlet runs. The cmdlet is not run.</maml:para></maml:description></command:parameter></command:syntaxItem></command:syntax><command:parameters><command:parameter required="false" variableLength="false" globbing="false" pipelineInput="false" position="named" aliases=""><maml:name>AsJob</maml:name><maml:description><maml:para>Runs the cmdlet as a background job. Use this parameter to run commands that take a long time to complete. 
 The cmdlet immediately returns an object that represents the job and then displays the command prompt. You can continue to work in the session while the job completes. To manage the job, use the *-Job cmdlets. To get the job results, use the <maml:navigationLink><maml:linkText>Receive-Job</maml:linkText><maml:uri></maml:uri></maml:navigationLink> cmdlet. 
 For more information about Windows PowerShell® background jobs, see <maml:navigationLink><maml:linkText>about_Jobs</maml:linkText><maml:uri></maml:uri></maml:navigationLink>.</maml:para></maml:description><command:parameterValue required="false" variableLength="false">SwitchParameter</command:parameterValue><dev:type><maml:name>SwitchParameter</maml:name><maml:uri /></dev:type><dev:defaultValue></dev:defaultValue></command:parameter><command:parameter required="false" variableLength="true" globbing="false" pipelineInput="false" position="named" aliases="Session"><maml:name>CimSession</maml:name><maml:description><maml:para>Runs the cmdlet in a remote session or on a remote computer. Enter a computer name or a session object, such as the output of a <maml:navigationLink><maml:linkText>New-CimSession</maml:linkText><maml:uri></maml:uri></maml:navigationLink> or <maml:navigationLink><maml:linkText>Get-CimSession</maml:linkText><maml:uri></maml:uri></maml:navigationLink> cmdlet. The default is the current session on the local computer.</maml:para></maml:description><command:parameterValue required="true" variableLength="true">CimSession[]</command:parameterValue><dev:type><maml:name>CimSession[]</maml:name><maml:uri /></dev:type><dev:defaultValue></dev:defaultValue></command:parameter><command:parameter required="false" variableLength="false" globbing="false" pipelineInput="false" position="named" aliases=""><maml:name>GPOSession</maml:name><maml:description><maml:para>Specifies the network GPO from which to retrieve the rules to be modified. 
                         
This parameter is used in the same way as the PolicyStore parameter. When modifying GPOs in Windows PowerShell®, each change to a GPO requires the entire GPO to be loaded, modified, and saved back. On a busy Domain Controller (DC), this can be a slow and resource-heavy operation. A GPO Session loads a domain GPO onto the local computer and makes all changes in a batch, before saving it back. This reduces the load on the DC and speeds up the Windows PowerShell cmdlets. To load a GPO Session, use the Open-NetGPO cmdlet. To save a GPO Session, use the Save-NetGPO cmdlet. </maml:para></maml:description><command:parameterValue required="true" variableLength="false">String</command:parameterValue><dev:type><maml:name>String</maml:name><maml:uri /></dev:type><dev:defaultValue></dev:defaultValue></command:parameter><command:parameter required="true" variableLength="true" globbing="false" pipelineInput="True (ByValue)" position="named" aliases=""><maml:name>InputObject</maml:name><maml:description><maml:para>Specifies the input to this cmdlet. You can use this parameter, or you can pipe the input to this cmdlet.</maml:para></maml:description><command:parameterValue required="true" variableLength="true">CimInstance[]</command:parameterValue><dev:type><maml:name>CimInstance[]</maml:name><maml:uri /></dev:type><dev:defaultValue></dev:defaultValue></command:parameter><command:parameter required="false" variableLength="false" globbing="false" pipelineInput="false" position="named" aliases=""><maml:name>Package</maml:name><maml:description><maml:para>Specifies the Windows Store application to which the firewall rule applies. This parameter is specified as a security identifier (SID). 
Note: Querying for rules with this parameter can only be performed using filter objects. </maml:para></maml:description><command:parameterValue required="true" variableLength="false">String</command:parameterValue><dev:type><maml:name>String</maml:name><maml:uri /></dev:type><dev:defaultValue></dev:defaultValue></command:parameter><command:parameter required="false" variableLength="false" globbing="false" pipelineInput="false" position="named" aliases=""><maml:name>PassThru</maml:name><maml:description><maml:para>Returns an object representing the item with which you are working. By default, this cmdlet does not generate any output.</maml:para></maml:description><command:parameterValue required="false" variableLength="false">SwitchParameter</command:parameterValue><dev:type><maml:name>SwitchParameter</maml:name><maml:uri /></dev:type><dev:defaultValue></dev:defaultValue></command:parameter><command:parameter required="false" variableLength="false" globbing="false" pipelineInput="false" position="named" aliases=""><maml:name>PolicyStore</maml:name><maml:description><maml:para>Specifies the policy store from which to retrieve the rules to be modified. 
                         
A policy store is a container for firewall and IPsec policy. 
The acceptable values for this parameter are: 
                         
 -- PersistentStore: Sometimes called static rules, this store contains the persistent policy for the local computer. This policy is not from GPOs, and has been created manually or programmatically (during application installation) on the computer. Rules created in this store are attached to the ActiveStore and activated on the computer immediately. 
                         
 -- ActiveStore: This store contains the currently active policy, which is the sum of all policy stores that apply to the computer. This is the resultant set of policy (RSOP) for the local computer (the sum of all GPOs that apply to the computer), and the local stores (the PersistentStore, the static Windows service hardening (WSH), and the configurable WSH). 
                         
 ---- GPOs are also policy stores. Computer GPOs can be specified as follows. 
                         
 ------ –PolicyStore hostname. 
                         
 ---- Active Directory GPOs can be specified as follows. 
                         
 ------ –PolicyStore domain.fqdn.com\GPO_Friendly_Name. 
                         
 ------ Such as the following. 
                         
 -------- -PolicyStore localhost
                         
 -------- -PolicyStore corp.contoso.com\FirewallPolicy
                         
 ---- Active Directory GPOs can be created using the New-GPO cmdlet or the Group Policy Management Console. 
                         
 -- RSOP: This read-only store contains the sum of all GPOs applied to the local computer. 
                         
 -- SystemDefaults: This read-only store contains the default state of firewall rules that ship with Windows Server® 2012. 
                         
 -- StaticServiceStore: This read-only store contains all the service restrictions that ship with Windows Server 2012. Optional and product-dependent features are considered part of Windows Server 2012 for the purposes of WFAS. 
                         
 -- ConfigurableServiceStore: This read-write store contains all the service restrictions that are added for third-party services. In addition, network isolation rules that are created for Windows Store application containers will appear in this policy store. 
                         
The default value is PersistentStore. 
Note: The Set-NetFirewallRule cmdlet cannot be used to add an object to a policy store. An object can only be added to a policy store at creation time with the Copy-NetFirewallRule or with the New-NetFirewallRule cmdlet. </maml:para></maml:description><command:parameterValue required="true" variableLength="false">String</command:parameterValue><dev:type><maml:name>String</maml:name><maml:uri /></dev:type><dev:defaultValue></dev:defaultValue></command:parameter><command:parameter required="false" variableLength="false" globbing="false" pipelineInput="false" position="named" aliases=""><maml:name>Program</maml:name><maml:description><maml:para>Specifies the path and file name of the program for which the rule allows traffic. This is specified as the full path to an application file. 
Note: Querying for rules with this parameter can only be performed using filter objects. </maml:para></maml:description><command:parameterValue required="true" variableLength="false">String</command:parameterValue><dev:type><maml:name>String</maml:name><maml:uri /></dev:type><dev:defaultValue></dev:defaultValue></command:parameter><command:parameter required="false" variableLength="false" globbing="false" pipelineInput="false" position="named" aliases=""><maml:name>ThrottleLimit</maml:name><maml:description><maml:para>Specifies the maximum number of concurrent operations that can be established to run the cmdlet. If this parameter is omitted or a value of 0 is entered, then Windows PowerShell® calculates an optimum throttle limit for the cmdlet based on the number of CIM cmdlets that are running on the computer. The throttle limit applies only to the current cmdlet, not to the session or to the computer.</maml:para></maml:description><command:parameterValue required="true" variableLength="false">Int32</command:parameterValue><dev:type><maml:name>Int32</maml:name><maml:uri /></dev:type><dev:defaultValue></dev:defaultValue></command:parameter><command:parameter required="false" variableLength="true" globbing="false" pipelineInput="false" position="named"><maml:name>Confirm</maml:name><maml:description><maml:para>Prompts you for confirmation before running the cmdlet.</maml:para></maml:description><command:parameterValue required="false" variableLength="false">SwitchParameter</command:parameterValue><dev:type><maml:name>SwitchParameter</maml:name><maml:uri /></dev:type><dev:defaultValue>false</dev:defaultValue></command:parameter><command:parameter required="false" variableLength="true" globbing="false" pipelineInput="false" position="named"><maml:name>WhatIf</maml:name><maml:description><maml:para>Shows what would happen if the cmdlet runs. The cmdlet is not run.</maml:para></maml:description><command:parameterValue required="false" variableLength="false">SwitchParameter</command:parameterValue><dev:type><maml:name>SwitchParameter</maml:name><maml:uri /></dev:type><dev:defaultValue>false</dev:defaultValue></command:parameter></command:parameters><command:inputTypes><command:inputType><dev:type><maml:name>Microsoft.Management.Infrastructure.CimInstance#root\StandardCimv2\MSFT_NetApplicationFilter[]</maml:name><maml:uri></maml:uri><maml:description><maml:para /></maml:description></dev:type><maml:description><maml:para>The Microsoft.Management.Infrastructure.CimInstance object is a wrapper class that displays Windows Management Instrumentation (WMI) objects. The path after the pound sign (#) provides the namespace and class name for the underlying WMI object.</maml:para></maml:description></command:inputType></command:inputTypes><command:returnValues><command:returnValue><dev:type><maml:name>Microsoft.Management.Infrastructure.CimInstance#root\StandardCimv2\MSFT_NetApplicationFilter[]</maml:name><maml:uri></maml:uri><maml:description><maml:para /></maml:description></dev:type><maml:description><maml:para>The Microsoft.Management.Infrastructure.CimInstance object is a wrapper class that displays Windows Management Instrumentation (WMI) objects. The path after the pound sign (#) provides the namespace and class name for the underlying WMI object.</maml:para></maml:description></command:returnValue></command:returnValues><command:terminatingErrors /><command:nonTerminatingErrors /><command:examples><command:example><maml:title>EXAMPLE 1</maml:title><maml:introduction><maml:para></maml:para></maml:introduction><dev:code>
PS C:\&gt;$nfwApplicationFilter = ( Get-FirewallRule –DisplayName "Contoso Messenger" | Get-NetFirewallApplicationFilter )



PS C:\&gt;Set-NetFirewallApplicationFilter –InputObject $nfwApplicationFilter –Program %SystemRoot%\System32\messenger.exe


This cmdlet can be run using only the pipeline.
PS C:\&gt;Get-FirewallRule –DisplayName "Contoso Messenger" | Get-NetFirewallApplicationFilter | Set-NetFirewallApplicationFilter –Program %SystemRoot%\System32\messenger.exe


This cmdlet can be run without using the pipeline.
PS C:\&gt;Set-NetFirewallRule –DisplayName "Contoso Messenger" –Program %SystemRoot%\System32\messenger.exe

</dev:code><dev:remarks><maml:para>This example changes the application path associated with a particular firewall rule.</maml:para></dev:remarks><command:commandLines><command:commandLine><command:commandText /></command:commandLine></command:commandLines></command:example><command:example><maml:title>EXAMPLE 2</maml:title><maml:introduction><maml:para></maml:para></maml:introduction><dev:code>
PS C:\&gt;$NewPackageSDDL = "S-1-15-2-4292807980-2381230043-3108820062-1451069988-2614848061-670482394-695399705"



PS C:\&gt;$nfwApplicationFilter = (Get-NetFirewallRule –Group Socialite | Get-NetFirewallApplicationFilter )



PS C:\&gt;Set-NetFirewallAddressFilter – InputObject $nfwApplicationFilter –Package $NewPackageSDDL


This cmdlet can be run using only the pipeline.
PS C:\&gt;Get-NetFirewallRule –Group Socialite | Get-NetFirewallApplicationFilter | Set-NetFirewallAddressFilter –Package $NewPackageSDDL

</dev:code><dev:remarks><maml:para>This example modifies the package associated with all related firewall rules for the Socialite Windows Store application.</maml:para></dev:remarks><command:commandLines><command:commandLine><command:commandText /></command:commandLine></command:commandLines></command:example></command:examples><maml:relatedLinks><maml:navigationLink><maml:linkText>Online Version:</maml:linkText><maml:uri>http://go.microsoft.com/fwlink/?LinkId=288211</maml:uri></maml:navigationLink><maml:navigationLink><maml:linkText>Get-NetFirewallApplicationFilter</maml:linkText><maml:uri /></maml:navigationLink><maml:navigationLink><maml:linkText>Get-NetFirewallRule</maml:linkText><maml:uri /></maml:navigationLink><maml:navigationLink><maml:linkText>Get-NetIPSecRule</maml:linkText><maml:uri /></maml:navigationLink><maml:navigationLink><maml:linkText>New-NetFirewallRule</maml:linkText><maml:uri /></maml:navigationLink><maml:navigationLink><maml:linkText>New-NetIPSecRule</maml:linkText><maml:uri /></maml:navigationLink><maml:navigationLink><maml:linkText>Open-NetGPO</maml:linkText><maml:uri /></maml:navigationLink><maml:navigationLink><maml:linkText>Save-NetGPO</maml:linkText><maml:uri /></maml:navigationLink><maml:navigationLink><maml:linkText>Set-NetFirewallRule</maml:linkText><maml:uri /></maml:navigationLink><maml:navigationLink><maml:linkText>Set-NetIPSecRule</maml:linkText><maml:uri /></maml:navigationLink><maml:navigationLink><maml:linkText>New-GPO</maml:linkText><maml:uri /></maml:navigationLink></maml:relatedLinks></command:command>

</helpItems>

