﻿<?xml version = "1.0" encoding = "utf-8" ?>

<helpItems schema="maml">

<command:command xmlns:maml="http://schemas.microsoft.com/maml/2004/10" xmlns:command="http://schemas.microsoft.com/maml/dev/command/2004/10" xmlns:dev="http://schemas.microsoft.com/maml/dev/2004/10" xmlns:MSHelp="http://msdn.microsoft.com/mshelp"><command:details><command:name>Get-NetFirewallServiceFilter</command:name><maml:description><maml:para>Retrieves service filter objects from the target computer.</maml:para></maml:description><maml:copyright><maml:para /></maml:copyright><command:verb>Get</command:verb><command:noun>NetFirewallServiceFilter</command:noun><dev:version /></command:details><maml:description><maml:para>The Get-NetFirewallServiceFilter cmdlet returns the service filter objects associated with the piped input firewall rules.</maml:para><maml:para>Service filter objects represent the Windows services associated with firewalls rules. The Service parameter of a single rule is represented in a separate NetFirewallServiceFilter object. The filter-to-rule relationship is always one-to-one and is managed automatically. Rule parameters associated with filters can only be queried using filter objects.</maml:para><maml:para>This cmdlet displays the service settings associated with firewall rules. This allows for rule querying based on the Service parameter. The resultant filters are passed into the Get-NetFirewallRule cmdlet to return the rules queried by service.</maml:para><maml:para>To modify the service conditions, two methods can be used starting with the service filters returned by this cmdlet. 
                       
The array of NetFirewallServiceFilter objects can be piped into the Get-NetFirewallRule cmdlet, which returns the rules associated with the filters. These rules are then piped into the Set-NetFirewallRule cmdlet where the service properties can be configured. 
                       
Alternatively, piping the array of NetFirewallServiceFilter objects directly to this cmdlet allows the Service parameter of the rules to be modified. </maml:para></maml:description><command:syntax><command:syntaxItem><maml:name>Get-NetFirewallServiceFilter</maml:name><command:parameter required="false" variableLength="false" globbing="false" pipelineInput="false" position="named" aliases=""><maml:name>All</maml:name><maml:description><maml:para>Indicates that all of the service filters within the specified policy store are retrieved.</maml:para></maml:description></command:parameter><command:parameter required="false" variableLength="false" globbing="false" pipelineInput="false" position="named" aliases=""><maml:name>AsJob</maml:name><maml:description><maml:para>Runs the cmdlet as a background job. Use this parameter to run commands that take a long time to complete. 
 The cmdlet immediately returns an object that represents the job and then displays the command prompt. You can continue to work in the session while the job completes. To manage the job, use the *-Job cmdlets. To get the job results, use the <maml:navigationLink><maml:linkText>Receive-Job</maml:linkText><maml:uri></maml:uri></maml:navigationLink> cmdlet. 
 For more information about Windows PowerShell® background jobs, see <maml:navigationLink><maml:linkText>about_Jobs</maml:linkText><maml:uri></maml:uri></maml:navigationLink>.</maml:para></maml:description></command:parameter><command:parameter required="false" variableLength="true" globbing="false" pipelineInput="false" position="named" aliases="Session"><maml:name>CimSession</maml:name><maml:description><maml:para>Runs the cmdlet in a remote session or on a remote computer. Enter a computer name or a session object, such as the output of a <maml:navigationLink><maml:linkText>New-CimSession</maml:linkText><maml:uri></maml:uri></maml:navigationLink> or <maml:navigationLink><maml:linkText>Get-CimSession</maml:linkText><maml:uri></maml:uri></maml:navigationLink> cmdlet. The default is the current session on the local computer.</maml:para></maml:description><command:parameterValue required="true" variableLength="true">CimSession[]</command:parameterValue></command:parameter><command:parameter required="false" variableLength="false" globbing="false" pipelineInput="false" position="named" aliases=""><maml:name>GPOSession</maml:name><maml:description><maml:para>Specifies the network Group Policy Object (GPO) from which to retrieve the rules to be retrieved. 
                         
This parameter is used in the same way as the PolicyStore parameter. When modifying GPOs in Windows PowerShell®, each change to a GPO requires the entire GPO to be loaded, modified, and saved back. On a busy Domain Controller (DC), this can be a slow and resource-heavy operation. A GPO session loads a domain GPO onto the local computer and makes all of the changes in a batch, before saving it back. This reduces the load on the DC and speeds up the Windows PowerShell cmdlets. To load a GPO Session, use the Open-NetGPO cmdlet. To save a GPO Session, use the Save-NetGPO cmdlet. </maml:para></maml:description><command:parameterValue required="true" variableLength="false">String</command:parameterValue></command:parameter><command:parameter required="false" variableLength="false" globbing="false" pipelineInput="false" position="named" aliases=""><maml:name>PolicyStore</maml:name><maml:description><maml:para>Specifies the policy store from which to retrieve the rules to be retrieved. 
                         
A policy store is a container for firewall and IPsec policy. 
The acceptable values for this parameter are: 
                         
 -- PersistentStore: Sometimes called static rules, this store contains the persistent policy for the local computer. This policy is not from GPOs, and has been created manually or programmatically (during application installation) on the computer. Rules created in this store are attached to the ActiveStore and activated on the computer immediately. 
                         
 -- ActiveStore: This store contains the currently active policy, which is the sum of all policy stores that apply to the computer. This is the resultant set of policy (RSOP) for the local computer (the sum of all GPOs that apply to the computer), and the local stores (the PersistentStore, the static Windows service hardening (WSH), and the configurable WSH). 
                         
 ---- GPOs are also policy stores. Computer GPOs can be specified as follows. 
                         
 ------ –PolicyStore hostname. 
                         
 ---- Active Directory GPOs can be specified as follows. 
                         
 ------ –PolicyStore domain.fqdn.com\GPO_Friendly_Name. 
                         
 ------ Such as the following. 
                         
 -------- -PolicyStore localhost
                         
 -------- -PolicyStore corp.contoso.com\FirewallPolicy
                         
 ---- Active Directory GPOs can be created using the New-GPO cmdlet or the Group Policy Management Console.
                         
 -- RSOP: This read-only store contains the sum of all of the GPOs applied to the local computer. 
                         
 -- SystemDefaults: This read-only store contains the default state of firewall rules that ship with Windows Server® 2012. 
                         
 -- StaticServiceStore: This read-only store contains all the service restrictions that ship with Windows Server 2012. Optional and product-dependent features are considered part of Windows Server 2012 for the purposes of WFAS. 
                         
 -- ConfigurableServiceStore: This read-write store contains all the service restrictions that are added for third-party services. In addition, network isolation rules that are created for Windows Store application containers will appear in this policy store. 
                         
The default value is PersistentStore. 
Note: The Set-NetFirewallRule cmdlet cannot be used to add an object to a policy store. An object can only be added to a policy store at creation time with the Copy-NetFirewallRule cmdlet or with the New-NetFirewallRule cmdlet. </maml:para></maml:description><command:parameterValue required="true" variableLength="false">String</command:parameterValue></command:parameter><command:parameter required="false" variableLength="false" globbing="false" pipelineInput="false" position="named" aliases=""><maml:name>ThrottleLimit</maml:name><maml:description><maml:para>Specifies the maximum number of concurrent operations that can be established to run the cmdlet. If this parameter is omitted or a value of 0 is entered, then Windows PowerShell® calculates an optimum throttle limit for the cmdlet based on the number of CIM cmdlets that are running on the computer. The throttle limit applies only to the current cmdlet, not to the session or to the computer.</maml:para></maml:description><command:parameterValue required="true" variableLength="false">Int32</command:parameterValue></command:parameter></command:syntaxItem><command:syntaxItem><maml:name>Get-NetFirewallServiceFilter</maml:name><command:parameter required="false" variableLength="false" globbing="false" pipelineInput="false" position="named" aliases=""><maml:name>AsJob</maml:name><maml:description><maml:para>Runs the cmdlet as a background job. Use this parameter to run commands that take a long time to complete. 
 The cmdlet immediately returns an object that represents the job and then displays the command prompt. You can continue to work in the session while the job completes. To manage the job, use the *-Job cmdlets. To get the job results, use the <maml:navigationLink><maml:linkText>Receive-Job</maml:linkText><maml:uri></maml:uri></maml:navigationLink> cmdlet. 
 For more information about Windows PowerShell® background jobs, see <maml:navigationLink><maml:linkText>about_Jobs</maml:linkText><maml:uri></maml:uri></maml:navigationLink>.</maml:para></maml:description></command:parameter><command:parameter required="false" variableLength="true" globbing="false" pipelineInput="false" position="named" aliases="Session"><maml:name>CimSession</maml:name><maml:description><maml:para>Runs the cmdlet in a remote session or on a remote computer. Enter a computer name or a session object, such as the output of a <maml:navigationLink><maml:linkText>New-CimSession</maml:linkText><maml:uri></maml:uri></maml:navigationLink> or <maml:navigationLink><maml:linkText>Get-CimSession</maml:linkText><maml:uri></maml:uri></maml:navigationLink> cmdlet. The default is the current session on the local computer.</maml:para></maml:description><command:parameterValue required="true" variableLength="true">CimSession[]</command:parameterValue></command:parameter><command:parameter required="false" variableLength="false" globbing="false" pipelineInput="false" position="named" aliases=""><maml:name>GPOSession</maml:name><maml:description><maml:para>Specifies the network Group Policy Object (GPO) from which to retrieve the rules to be retrieved. 
                         
This parameter is used in the same way as the PolicyStore parameter. When modifying GPOs in Windows PowerShell®, each change to a GPO requires the entire GPO to be loaded, modified, and saved back. On a busy Domain Controller (DC), this can be a slow and resource-heavy operation. A GPO session loads a domain GPO onto the local computer and makes all of the changes in a batch, before saving it back. This reduces the load on the DC and speeds up the Windows PowerShell cmdlets. To load a GPO Session, use the Open-NetGPO cmdlet. To save a GPO Session, use the Save-NetGPO cmdlet. </maml:para></maml:description><command:parameterValue required="true" variableLength="false">String</command:parameterValue></command:parameter><command:parameter required="false" variableLength="false" globbing="false" pipelineInput="false" position="named" aliases=""><maml:name>PolicyStore</maml:name><maml:description><maml:para>Specifies the policy store from which to retrieve the rules to be retrieved. 
                         
A policy store is a container for firewall and IPsec policy. 
The acceptable values for this parameter are: 
                         
 -- PersistentStore: Sometimes called static rules, this store contains the persistent policy for the local computer. This policy is not from GPOs, and has been created manually or programmatically (during application installation) on the computer. Rules created in this store are attached to the ActiveStore and activated on the computer immediately. 
                         
 -- ActiveStore: This store contains the currently active policy, which is the sum of all policy stores that apply to the computer. This is the resultant set of policy (RSOP) for the local computer (the sum of all GPOs that apply to the computer), and the local stores (the PersistentStore, the static Windows service hardening (WSH), and the configurable WSH). 
                         
 ---- GPOs are also policy stores. Computer GPOs can be specified as follows. 
                         
 ------ –PolicyStore hostname. 
                         
 ---- Active Directory GPOs can be specified as follows. 
                         
 ------ –PolicyStore domain.fqdn.com\GPO_Friendly_Name. 
                         
 ------ Such as the following. 
                         
 -------- -PolicyStore localhost
                         
 -------- -PolicyStore corp.contoso.com\FirewallPolicy
                         
 ---- Active Directory GPOs can be created using the New-GPO cmdlet or the Group Policy Management Console.
                         
 -- RSOP: This read-only store contains the sum of all of the GPOs applied to the local computer. 
                         
 -- SystemDefaults: This read-only store contains the default state of firewall rules that ship with Windows Server® 2012. 
                         
 -- StaticServiceStore: This read-only store contains all the service restrictions that ship with Windows Server 2012. Optional and product-dependent features are considered part of Windows Server 2012 for the purposes of WFAS. 
                         
 -- ConfigurableServiceStore: This read-write store contains all the service restrictions that are added for third-party services. In addition, network isolation rules that are created for Windows Store application containers will appear in this policy store. 
                         
The default value is PersistentStore. 
Note: The Set-NetFirewallRule cmdlet cannot be used to add an object to a policy store. An object can only be added to a policy store at creation time with the Copy-NetFirewallRule cmdlet or with the New-NetFirewallRule cmdlet. </maml:para></maml:description><command:parameterValue required="true" variableLength="false">String</command:parameterValue></command:parameter><command:parameter required="false" variableLength="true" globbing="false" pipelineInput="false" position="named" aliases=""><maml:name>Service</maml:name><maml:description><maml:para>Specifies the short name of a Windows Server 2012 service to which the firewall rule applies. If service is not specified, then network traffic generated by any program or service matches this rule. 
Note: Querying for rules with this parameter can only be performed using filter objects. </maml:para></maml:description><command:parameterValue required="true" variableLength="true">String[]</command:parameterValue></command:parameter><command:parameter required="false" variableLength="false" globbing="false" pipelineInput="false" position="named" aliases=""><maml:name>ThrottleLimit</maml:name><maml:description><maml:para>Specifies the maximum number of concurrent operations that can be established to run the cmdlet. If this parameter is omitted or a value of 0 is entered, then Windows PowerShell® calculates an optimum throttle limit for the cmdlet based on the number of CIM cmdlets that are running on the computer. The throttle limit applies only to the current cmdlet, not to the session or to the computer.</maml:para></maml:description><command:parameterValue required="true" variableLength="false">Int32</command:parameterValue></command:parameter></command:syntaxItem><command:syntaxItem><maml:name>Get-NetFirewallServiceFilter</maml:name><command:parameter required="false" variableLength="false" globbing="false" pipelineInput="false" position="named" aliases=""><maml:name>AsJob</maml:name><maml:description><maml:para>Runs the cmdlet as a background job. Use this parameter to run commands that take a long time to complete. 
 The cmdlet immediately returns an object that represents the job and then displays the command prompt. You can continue to work in the session while the job completes. To manage the job, use the *-Job cmdlets. To get the job results, use the <maml:navigationLink><maml:linkText>Receive-Job</maml:linkText><maml:uri></maml:uri></maml:navigationLink> cmdlet. 
 For more information about Windows PowerShell® background jobs, see <maml:navigationLink><maml:linkText>about_Jobs</maml:linkText><maml:uri></maml:uri></maml:navigationLink>.</maml:para></maml:description></command:parameter><command:parameter required="false" variableLength="true" globbing="false" pipelineInput="false" position="named" aliases="Session"><maml:name>CimSession</maml:name><maml:description><maml:para>Runs the cmdlet in a remote session or on a remote computer. Enter a computer name or a session object, such as the output of a <maml:navigationLink><maml:linkText>New-CimSession</maml:linkText><maml:uri></maml:uri></maml:navigationLink> or <maml:navigationLink><maml:linkText>Get-CimSession</maml:linkText><maml:uri></maml:uri></maml:navigationLink> cmdlet. The default is the current session on the local computer.</maml:para></maml:description><command:parameterValue required="true" variableLength="true">CimSession[]</command:parameterValue></command:parameter><command:parameter required="false" variableLength="false" globbing="false" pipelineInput="false" position="named" aliases=""><maml:name>GPOSession</maml:name><maml:description><maml:para>Specifies the network Group Policy Object (GPO) from which to retrieve the rules to be retrieved. 
                         
This parameter is used in the same way as the PolicyStore parameter. When modifying GPOs in Windows PowerShell®, each change to a GPO requires the entire GPO to be loaded, modified, and saved back. On a busy Domain Controller (DC), this can be a slow and resource-heavy operation. A GPO session loads a domain GPO onto the local computer and makes all of the changes in a batch, before saving it back. This reduces the load on the DC and speeds up the Windows PowerShell cmdlets. To load a GPO Session, use the Open-NetGPO cmdlet. To save a GPO Session, use the Save-NetGPO cmdlet. </maml:para></maml:description><command:parameterValue required="true" variableLength="false">String</command:parameterValue></command:parameter><command:parameter required="false" variableLength="false" globbing="false" pipelineInput="false" position="named" aliases=""><maml:name>PolicyStore</maml:name><maml:description><maml:para>Specifies the policy store from which to retrieve the rules to be retrieved. 
                         
A policy store is a container for firewall and IPsec policy. 
The acceptable values for this parameter are: 
                         
 -- PersistentStore: Sometimes called static rules, this store contains the persistent policy for the local computer. This policy is not from GPOs, and has been created manually or programmatically (during application installation) on the computer. Rules created in this store are attached to the ActiveStore and activated on the computer immediately. 
                         
 -- ActiveStore: This store contains the currently active policy, which is the sum of all policy stores that apply to the computer. This is the resultant set of policy (RSOP) for the local computer (the sum of all GPOs that apply to the computer), and the local stores (the PersistentStore, the static Windows service hardening (WSH), and the configurable WSH). 
                         
 ---- GPOs are also policy stores. Computer GPOs can be specified as follows. 
                         
 ------ –PolicyStore hostname. 
                         
 ---- Active Directory GPOs can be specified as follows. 
                         
 ------ –PolicyStore domain.fqdn.com\GPO_Friendly_Name. 
                         
 ------ Such as the following. 
                         
 -------- -PolicyStore localhost
                         
 -------- -PolicyStore corp.contoso.com\FirewallPolicy
                         
 ---- Active Directory GPOs can be created using the New-GPO cmdlet or the Group Policy Management Console.
                         
 -- RSOP: This read-only store contains the sum of all of the GPOs applied to the local computer. 
                         
 -- SystemDefaults: This read-only store contains the default state of firewall rules that ship with Windows Server® 2012. 
                         
 -- StaticServiceStore: This read-only store contains all the service restrictions that ship with Windows Server 2012. Optional and product-dependent features are considered part of Windows Server 2012 for the purposes of WFAS. 
                         
 -- ConfigurableServiceStore: This read-write store contains all the service restrictions that are added for third-party services. In addition, network isolation rules that are created for Windows Store application containers will appear in this policy store. 
                         
The default value is PersistentStore. 
Note: The Set-NetFirewallRule cmdlet cannot be used to add an object to a policy store. An object can only be added to a policy store at creation time with the Copy-NetFirewallRule cmdlet or with the New-NetFirewallRule cmdlet. </maml:para></maml:description><command:parameterValue required="true" variableLength="false">String</command:parameterValue></command:parameter><command:parameter required="false" variableLength="false" globbing="false" pipelineInput="false" position="named" aliases=""><maml:name>ThrottleLimit</maml:name><maml:description><maml:para>Specifies the maximum number of concurrent operations that can be established to run the cmdlet. If this parameter is omitted or a value of 0 is entered, then Windows PowerShell® calculates an optimum throttle limit for the cmdlet based on the number of CIM cmdlets that are running on the computer. The throttle limit applies only to the current cmdlet, not to the session or to the computer.</maml:para></maml:description><command:parameterValue required="true" variableLength="false">Int32</command:parameterValue></command:parameter><command:parameter required="true" variableLength="false" globbing="false" pipelineInput="True (ByValue)" position="named" aliases=""><maml:name>AssociatedNetFirewallRule</maml:name><maml:description><maml:para>Gets the service filters associated with the specified firewall rule to be retrieved. 
                         
This parameter represents a firewall rule, which defines how traffic is filtered by the firewall. See the New-NetFirewallRule cmdlet for more information. </maml:para></maml:description><command:parameterValue required="true" variableLength="false">CimInstance</command:parameterValue></command:parameter></command:syntaxItem></command:syntax><command:parameters><command:parameter required="false" variableLength="false" globbing="false" pipelineInput="false" position="named" aliases=""><maml:name>All</maml:name><maml:description><maml:para>Indicates that all of the service filters within the specified policy store are retrieved.</maml:para></maml:description><command:parameterValue required="false" variableLength="false">SwitchParameter</command:parameterValue><dev:type><maml:name>SwitchParameter</maml:name><maml:uri /></dev:type><dev:defaultValue></dev:defaultValue></command:parameter><command:parameter required="false" variableLength="false" globbing="false" pipelineInput="false" position="named" aliases=""><maml:name>AsJob</maml:name><maml:description><maml:para>Runs the cmdlet as a background job. Use this parameter to run commands that take a long time to complete. 
 The cmdlet immediately returns an object that represents the job and then displays the command prompt. You can continue to work in the session while the job completes. To manage the job, use the *-Job cmdlets. To get the job results, use the <maml:navigationLink><maml:linkText>Receive-Job</maml:linkText><maml:uri></maml:uri></maml:navigationLink> cmdlet. 
 For more information about Windows PowerShell® background jobs, see <maml:navigationLink><maml:linkText>about_Jobs</maml:linkText><maml:uri></maml:uri></maml:navigationLink>.</maml:para></maml:description><command:parameterValue required="false" variableLength="false">SwitchParameter</command:parameterValue><dev:type><maml:name>SwitchParameter</maml:name><maml:uri /></dev:type><dev:defaultValue></dev:defaultValue></command:parameter><command:parameter required="true" variableLength="false" globbing="false" pipelineInput="True (ByValue)" position="named" aliases=""><maml:name>AssociatedNetFirewallRule</maml:name><maml:description><maml:para>Gets the service filters associated with the specified firewall rule to be retrieved. 
                         
This parameter represents a firewall rule, which defines how traffic is filtered by the firewall. See the New-NetFirewallRule cmdlet for more information. </maml:para></maml:description><command:parameterValue required="true" variableLength="false">CimInstance</command:parameterValue><dev:type><maml:name>CimInstance</maml:name><maml:uri /></dev:type><dev:defaultValue></dev:defaultValue></command:parameter><command:parameter required="false" variableLength="true" globbing="false" pipelineInput="false" position="named" aliases="Session"><maml:name>CimSession</maml:name><maml:description><maml:para>Runs the cmdlet in a remote session or on a remote computer. Enter a computer name or a session object, such as the output of a <maml:navigationLink><maml:linkText>New-CimSession</maml:linkText><maml:uri></maml:uri></maml:navigationLink> or <maml:navigationLink><maml:linkText>Get-CimSession</maml:linkText><maml:uri></maml:uri></maml:navigationLink> cmdlet. The default is the current session on the local computer.</maml:para></maml:description><command:parameterValue required="true" variableLength="true">CimSession[]</command:parameterValue><dev:type><maml:name>CimSession[]</maml:name><maml:uri /></dev:type><dev:defaultValue></dev:defaultValue></command:parameter><command:parameter required="false" variableLength="false" globbing="false" pipelineInput="false" position="named" aliases=""><maml:name>GPOSession</maml:name><maml:description><maml:para>Specifies the network Group Policy Object (GPO) from which to retrieve the rules to be retrieved. 
                         
This parameter is used in the same way as the PolicyStore parameter. When modifying GPOs in Windows PowerShell®, each change to a GPO requires the entire GPO to be loaded, modified, and saved back. On a busy Domain Controller (DC), this can be a slow and resource-heavy operation. A GPO session loads a domain GPO onto the local computer and makes all of the changes in a batch, before saving it back. This reduces the load on the DC and speeds up the Windows PowerShell cmdlets. To load a GPO Session, use the Open-NetGPO cmdlet. To save a GPO Session, use the Save-NetGPO cmdlet. </maml:para></maml:description><command:parameterValue required="true" variableLength="false">String</command:parameterValue><dev:type><maml:name>String</maml:name><maml:uri /></dev:type><dev:defaultValue></dev:defaultValue></command:parameter><command:parameter required="false" variableLength="false" globbing="false" pipelineInput="false" position="named" aliases=""><maml:name>PolicyStore</maml:name><maml:description><maml:para>Specifies the policy store from which to retrieve the rules to be retrieved. 
                         
A policy store is a container for firewall and IPsec policy. 
The acceptable values for this parameter are: 
                         
 -- PersistentStore: Sometimes called static rules, this store contains the persistent policy for the local computer. This policy is not from GPOs, and has been created manually or programmatically (during application installation) on the computer. Rules created in this store are attached to the ActiveStore and activated on the computer immediately. 
                         
 -- ActiveStore: This store contains the currently active policy, which is the sum of all policy stores that apply to the computer. This is the resultant set of policy (RSOP) for the local computer (the sum of all GPOs that apply to the computer), and the local stores (the PersistentStore, the static Windows service hardening (WSH), and the configurable WSH). 
                         
 ---- GPOs are also policy stores. Computer GPOs can be specified as follows. 
                         
 ------ –PolicyStore hostname. 
                         
 ---- Active Directory GPOs can be specified as follows. 
                         
 ------ –PolicyStore domain.fqdn.com\GPO_Friendly_Name. 
                         
 ------ Such as the following. 
                         
 -------- -PolicyStore localhost
                         
 -------- -PolicyStore corp.contoso.com\FirewallPolicy
                         
 ---- Active Directory GPOs can be created using the New-GPO cmdlet or the Group Policy Management Console.
                         
 -- RSOP: This read-only store contains the sum of all of the GPOs applied to the local computer. 
                         
 -- SystemDefaults: This read-only store contains the default state of firewall rules that ship with Windows Server® 2012. 
                         
 -- StaticServiceStore: This read-only store contains all the service restrictions that ship with Windows Server 2012. Optional and product-dependent features are considered part of Windows Server 2012 for the purposes of WFAS. 
                         
 -- ConfigurableServiceStore: This read-write store contains all the service restrictions that are added for third-party services. In addition, network isolation rules that are created for Windows Store application containers will appear in this policy store. 
                         
The default value is PersistentStore. 
Note: The Set-NetFirewallRule cmdlet cannot be used to add an object to a policy store. An object can only be added to a policy store at creation time with the Copy-NetFirewallRule cmdlet or with the New-NetFirewallRule cmdlet. </maml:para></maml:description><command:parameterValue required="true" variableLength="false">String</command:parameterValue><dev:type><maml:name>String</maml:name><maml:uri /></dev:type><dev:defaultValue></dev:defaultValue></command:parameter><command:parameter required="false" variableLength="true" globbing="false" pipelineInput="false" position="named" aliases=""><maml:name>Service</maml:name><maml:description><maml:para>Specifies the short name of a Windows Server 2012 service to which the firewall rule applies. If service is not specified, then network traffic generated by any program or service matches this rule. 
Note: Querying for rules with this parameter can only be performed using filter objects. </maml:para></maml:description><command:parameterValue required="true" variableLength="true">String[]</command:parameterValue><dev:type><maml:name>String[]</maml:name><maml:uri /></dev:type><dev:defaultValue></dev:defaultValue></command:parameter><command:parameter required="false" variableLength="false" globbing="false" pipelineInput="false" position="named" aliases=""><maml:name>ThrottleLimit</maml:name><maml:description><maml:para>Specifies the maximum number of concurrent operations that can be established to run the cmdlet. If this parameter is omitted or a value of 0 is entered, then Windows PowerShell® calculates an optimum throttle limit for the cmdlet based on the number of CIM cmdlets that are running on the computer. The throttle limit applies only to the current cmdlet, not to the session or to the computer.</maml:para></maml:description><command:parameterValue required="true" variableLength="false">Int32</command:parameterValue><dev:type><maml:name>Int32</maml:name><maml:uri /></dev:type><dev:defaultValue></dev:defaultValue></command:parameter></command:parameters><command:inputTypes><command:inputType><dev:type><maml:name>Microsoft.Management.Infrastructure.CimInstance#root\StandardCimv2\MSFT_NetFirewallRule</maml:name><maml:uri></maml:uri><maml:description><maml:para /></maml:description></dev:type><maml:description><maml:para>The Microsoft.Management.Infrastructure.CimInstance object is a wrapper class that displays Windows Management Instrumentation (WMI) objects. The path after the pound sign (#) provides the namespace and class name for the underlying WMI object.</maml:para></maml:description></command:inputType></command:inputTypes><command:returnValues><command:returnValue><dev:type><maml:name>Microsoft.Management.Infrastructure.CimInstance#root\StandardCimv2\MSFT_NetServiceFilter</maml:name><maml:uri></maml:uri><maml:description><maml:para /></maml:description></dev:type><maml:description><maml:para>The Microsoft.Management.Infrastructure.CimInstance object is a wrapper class that displays Windows Management Instrumentation (WMI) objects. The path after the pound sign (#) provides the namespace and class name for the underlying WMI object.</maml:para></maml:description></command:returnValue></command:returnValues><command:terminatingErrors /><command:nonTerminatingErrors /><command:examples><command:example><maml:title>Example 1</maml:title><maml:introduction><maml:para></maml:para></maml:introduction><dev:code>
PS C:\&gt;Get-NetFirewallServiceFilter -PolicyStore ActiveStore


This cmdlet shows the same information in a dynamically-sized, formatted table.
PS C:\&gt;Get-NetFirewallServiceFilter -PolicyStore ActiveStore | Format-Table – Property *

</dev:code><dev:remarks><maml:para>This example retrieves the service conditions associated with all of the firewall rules in the active store. Running this cmdlet without specifying the policy store retrieves the persistent store.</maml:para></dev:remarks><command:commandLines><command:commandLine><command:commandText /></command:commandLine></command:commandLines></command:example><command:example><maml:title>Example 2</maml:title><maml:introduction><maml:para></maml:para></maml:introduction><dev:code>PS C:\&gt;Get-NetFirewallRule –DisplayName "Wireless Portable Devices" | Get-NetFirewallServiceFilter

</dev:code><dev:remarks><maml:para>This example gets the service associated with a firewall rule specified by using the localized name.</maml:para></dev:remarks><command:commandLines><command:commandLine><command:commandText /></command:commandLine></command:commandLines></command:example><command:example><maml:title>Example 3</maml:title><maml:introduction><maml:para></maml:para></maml:introduction><dev:code>PS C:\&gt;Get-NetFirewallServiceFilter –Service dnscache | Get-NetFirewallRule | Where-Object –Property { $_.Enabled –Eq "False" }

</dev:code><dev:remarks><maml:para>This example gets the disabled firewall rules associated with the dnscache service from the persistent store.</maml:para></dev:remarks><command:commandLines><command:commandLine><command:commandText /></command:commandLine></command:commandLines></command:example></command:examples><maml:relatedLinks><maml:navigationLink><maml:linkText>Online Version:</maml:linkText><maml:uri>http://go.microsoft.com/fwlink/?LinkId=285413</maml:uri></maml:navigationLink><maml:navigationLink><maml:linkText>Format-Table</maml:linkText><maml:uri></maml:uri></maml:navigationLink><maml:navigationLink><maml:linkText>Where-Object</maml:linkText><maml:uri></maml:uri></maml:navigationLink><maml:navigationLink><maml:linkText>Get-NetFirewallRule</maml:linkText><maml:uri /></maml:navigationLink><maml:navigationLink><maml:linkText>Get-NetIPSecRule</maml:linkText><maml:uri /></maml:navigationLink><maml:navigationLink><maml:linkText>New-NetFirewallRule</maml:linkText><maml:uri /></maml:navigationLink><maml:navigationLink><maml:linkText>New-NetIPSecRule</maml:linkText><maml:uri /></maml:navigationLink><maml:navigationLink><maml:linkText>Set-NetFirewallRule</maml:linkText><maml:uri /></maml:navigationLink><maml:navigationLink><maml:linkText>Set-NetFirewallServiceFilter</maml:linkText><maml:uri /></maml:navigationLink><maml:navigationLink><maml:linkText>Set-NetIPSecRule</maml:linkText><maml:uri /></maml:navigationLink><maml:navigationLink><maml:linkText>New-GPO</maml:linkText><maml:uri /></maml:navigationLink></maml:relatedLinks></command:command>

<command:command xmlns:maml="http://schemas.microsoft.com/maml/2004/10" xmlns:command="http://schemas.microsoft.com/maml/dev/command/2004/10" xmlns:dev="http://schemas.microsoft.com/maml/dev/2004/10" xmlns:MSHelp="http://msdn.microsoft.com/mshelp"><command:details><command:name>Set-NetFirewallServiceFilter</command:name><maml:description><maml:para>Modifies service filter objects, thereby modifying the service conditions of the firewall rules.</maml:para></maml:description><maml:copyright><maml:para /></maml:copyright><command:verb>Set</command:verb><command:noun>NetFirewallServiceFilter</command:noun><dev:version /></command:details><maml:description><maml:para>The Set-NetFirewallServiceFilter cmdlet modifies the service conditions associated with the input firewall rules.</maml:para><maml:para>See the Get-NetFirewallServiceFilter cmdlet for more information on the security filters.</maml:para><maml:para>To modify the service conditions, two methods can be used starting with the service filters returned by Get-NetFirewallServiceFilter cmdlet. 
                       
 -- The network firewall service filter objects can be piped into the Get-NetFirewallRule cmdlet. The Get-NetFirewallRule cmdlet returns the rules associated with the filters and piped the rules into the Set-NetFirewallRule cmdlet, which configures the service properties. 
                       
 -- Alternatively, piping the network firewall service filter objects directly to this cmdlet modifies the Service parameter of the rules. </maml:para></maml:description><command:syntax><command:syntaxItem><maml:name>Set-NetFirewallServiceFilter</maml:name><command:parameter required="false" variableLength="false" globbing="false" pipelineInput="false" position="named" aliases=""><maml:name>AsJob</maml:name><maml:description><maml:para>Runs the cmdlet as a background job. Use this parameter to run commands that take a long time to complete. 
 The cmdlet immediately returns an object that represents the job and then displays the command prompt. You can continue to work in the session while the job completes. To manage the job, use the *-Job cmdlets. To get the job results, use the <maml:navigationLink><maml:linkText>Receive-Job</maml:linkText><maml:uri></maml:uri></maml:navigationLink> cmdlet. 
 For more information about Windows PowerShell® background jobs, see <maml:navigationLink><maml:linkText>about_Jobs</maml:linkText><maml:uri></maml:uri></maml:navigationLink>.</maml:para></maml:description></command:parameter><command:parameter required="false" variableLength="true" globbing="false" pipelineInput="false" position="named" aliases="Session"><maml:name>CimSession</maml:name><maml:description><maml:para>Runs the cmdlet in a remote session or on a remote computer. Enter a computer name or a session object, such as the output of a <maml:navigationLink><maml:linkText>New-CimSession</maml:linkText><maml:uri></maml:uri></maml:navigationLink> or <maml:navigationLink><maml:linkText>Get-CimSession</maml:linkText><maml:uri></maml:uri></maml:navigationLink> cmdlet. The default is the current session on the local computer.</maml:para></maml:description><command:parameterValue required="true" variableLength="true">CimSession[]</command:parameterValue></command:parameter><command:parameter required="false" variableLength="false" globbing="false" pipelineInput="false" position="named" aliases=""><maml:name>GPOSession</maml:name><maml:description><maml:para>Specifies the network GPO from which to retrieve the rules to be modified. 
                         
This parameter is used in the same way as the PolicyStore parameter. When modifying GPOs in Windows PowerShell®, each change to a GPO requires the entire GPO to be loaded, modified, and saved back. On a busy Domain Controller (DC), this can be a slow and resource-heavy operation. A GPO Session loads a domain GPO onto the local computer and makes all changes in a batch, before saving it back. This reduces the load on the DC and speeds up the Windows PowerShell cmdlets. To load a GPO Session, use the Open-NetGPO cmdlet. To save a GPO Session, use the Save-NetGPO cmdlet. </maml:para></maml:description><command:parameterValue required="true" variableLength="false">String</command:parameterValue></command:parameter><command:parameter required="false" variableLength="false" globbing="false" pipelineInput="false" position="named" aliases=""><maml:name>PassThru</maml:name><maml:description><maml:para>Returns an object representing the item with which you are working. By default, this cmdlet does not generate any output.</maml:para></maml:description></command:parameter><command:parameter required="false" variableLength="false" globbing="false" pipelineInput="false" position="named" aliases=""><maml:name>PolicyStore</maml:name><maml:description><maml:para>Specifies the policy store from which to retrieve the rules to be modified. 
                         
A policy store is a container for firewall and IPsec policy. 
The acceptable values for this parameter are: 
                         
 -- PersistentStore: Sometimes called static rules, this store contains the persistent policy for the local computer. This policy is not from GPOs, and has been created manually or programmatically (during application installation) on the computer. Rules created in this store are attached to the ActiveStore and activated on the computer immediately. This is the default value. 
                         
 -- ActiveStore: This store contains the currently active policy, which is the sum of all policy stores that apply to the computer. This is the resultant set of policy (RSOP) for the local computer (the sum of all GPOs that apply to the computer), and the local stores (the PersistentStore, the static Windows service hardening (WSH), and the configurable WSH). 
                         
 ---- GPOs are also policy stores. Computer GPOs can be specified as follows. 
                         
 ------ –PolicyStore hostname. 
                         
 ---- Active Directory GPOs can be specified as follows. 
                         
 ------ –PolicyStore domain.fqdn.com\GPO_Friendly_Name. 
                         
 ------ Such as the following. 
                         
 -------- -PolicyStore localhost
                         
 -------- -PolicyStore corp.contoso.com\FirewallPolicy
                         
 ---- Active Directory GPOs can be created using the New-GPO cmdlet or the Group Policy Management Console. 
                         
 -- RSOP: This read-only store contains the sum of all GPOs applied to the local computer. 
                         
 -- SystemDefaults: This read-only store contains the default state of firewall rules that ship with Windows Server® 2012. 
                         
 -- StaticServiceStore: This read-only store contains all the service restrictions that ship with Windows Server 2012. Optional and product-dependent features are considered part of Windows Server 2012 for the purposes of WFAS. 
                         
 -- ConfigurableServiceStore: This read-write store contains all the service restrictions that are added for third-party services. In addition, network isolation rules that are created for Windows Store application containers will appear in this policy store. 
Note: The Set-NetIPsecRule cmdlet cannot be used to add an object to a policy store. An object can only be added to a policy store at creation time with the Copy-NetIPsecRule cmdlet or with the New-NetIPsecRule cmdlet.</maml:para></maml:description><command:parameterValue required="true" variableLength="false">String</command:parameterValue></command:parameter><command:parameter required="false" variableLength="false" globbing="false" pipelineInput="false" position="named" aliases=""><maml:name>Service</maml:name><maml:description><maml:para>Specifies the short name of a Windows Server 2012 service to which the firewall rule applies. If service is not specified, then network traffic generated by any program or service matches this rule. 
Note: Querying for rules with this parameter can only be performed using filter objects. </maml:para></maml:description><command:parameterValue required="true" variableLength="false">String</command:parameterValue></command:parameter><command:parameter required="false" variableLength="false" globbing="false" pipelineInput="false" position="named" aliases=""><maml:name>ThrottleLimit</maml:name><maml:description><maml:para>Specifies the maximum number of concurrent operations that can be established to run the cmdlet. If this parameter is omitted or a value of 0 is entered, then Windows PowerShell® calculates an optimum throttle limit for the cmdlet based on the number of CIM cmdlets that are running on the computer. The throttle limit applies only to the current cmdlet, not to the session or to the computer.</maml:para></maml:description><command:parameterValue required="true" variableLength="false">Int32</command:parameterValue></command:parameter><command:parameter required="false" variableLength="true" globbing="false" pipelineInput="false" position="named"><maml:name>Confirm</maml:name><maml:description><maml:para>Prompts you for confirmation before running the cmdlet.</maml:para></maml:description></command:parameter><command:parameter required="false" variableLength="true" globbing="false" pipelineInput="false" position="named"><maml:name>WhatIf</maml:name><maml:description><maml:para>Shows what would happen if the cmdlet runs. The cmdlet is not run.</maml:para></maml:description></command:parameter></command:syntaxItem><command:syntaxItem><maml:name>Set-NetFirewallServiceFilter</maml:name><command:parameter required="false" variableLength="false" globbing="false" pipelineInput="false" position="named" aliases=""><maml:name>AsJob</maml:name><maml:description><maml:para>Runs the cmdlet as a background job. Use this parameter to run commands that take a long time to complete. 
 The cmdlet immediately returns an object that represents the job and then displays the command prompt. You can continue to work in the session while the job completes. To manage the job, use the *-Job cmdlets. To get the job results, use the <maml:navigationLink><maml:linkText>Receive-Job</maml:linkText><maml:uri></maml:uri></maml:navigationLink> cmdlet. 
 For more information about Windows PowerShell® background jobs, see <maml:navigationLink><maml:linkText>about_Jobs</maml:linkText><maml:uri></maml:uri></maml:navigationLink>.</maml:para></maml:description></command:parameter><command:parameter required="false" variableLength="true" globbing="false" pipelineInput="false" position="named" aliases="Session"><maml:name>CimSession</maml:name><maml:description><maml:para>Runs the cmdlet in a remote session or on a remote computer. Enter a computer name or a session object, such as the output of a <maml:navigationLink><maml:linkText>New-CimSession</maml:linkText><maml:uri></maml:uri></maml:navigationLink> or <maml:navigationLink><maml:linkText>Get-CimSession</maml:linkText><maml:uri></maml:uri></maml:navigationLink> cmdlet. The default is the current session on the local computer.</maml:para></maml:description><command:parameterValue required="true" variableLength="true">CimSession[]</command:parameterValue></command:parameter><command:parameter required="false" variableLength="false" globbing="false" pipelineInput="false" position="named" aliases=""><maml:name>PassThru</maml:name><maml:description><maml:para>Returns an object representing the item with which you are working. By default, this cmdlet does not generate any output.</maml:para></maml:description></command:parameter><command:parameter required="false" variableLength="false" globbing="false" pipelineInput="false" position="named" aliases=""><maml:name>Service</maml:name><maml:description><maml:para>Specifies the short name of a Windows Server 2012 service to which the firewall rule applies. If service is not specified, then network traffic generated by any program or service matches this rule. 
Note: Querying for rules with this parameter can only be performed using filter objects. </maml:para></maml:description><command:parameterValue required="true" variableLength="false">String</command:parameterValue></command:parameter><command:parameter required="false" variableLength="false" globbing="false" pipelineInput="false" position="named" aliases=""><maml:name>ThrottleLimit</maml:name><maml:description><maml:para>Specifies the maximum number of concurrent operations that can be established to run the cmdlet. If this parameter is omitted or a value of 0 is entered, then Windows PowerShell® calculates an optimum throttle limit for the cmdlet based on the number of CIM cmdlets that are running on the computer. The throttle limit applies only to the current cmdlet, not to the session or to the computer.</maml:para></maml:description><command:parameterValue required="true" variableLength="false">Int32</command:parameterValue></command:parameter><command:parameter required="true" variableLength="true" globbing="false" pipelineInput="True (ByValue)" position="named" aliases=""><maml:name>InputObject</maml:name><maml:description><maml:para>Specifies the input to this cmdlet. You can use this parameter, or you can pipe the input to this cmdlet.</maml:para></maml:description><command:parameterValue required="true" variableLength="true">CimInstance[]</command:parameterValue></command:parameter><command:parameter required="false" variableLength="true" globbing="false" pipelineInput="false" position="named"><maml:name>Confirm</maml:name><maml:description><maml:para>Prompts you for confirmation before running the cmdlet.</maml:para></maml:description></command:parameter><command:parameter required="false" variableLength="true" globbing="false" pipelineInput="false" position="named"><maml:name>WhatIf</maml:name><maml:description><maml:para>Shows what would happen if the cmdlet runs. The cmdlet is not run.</maml:para></maml:description></command:parameter></command:syntaxItem></command:syntax><command:parameters><command:parameter required="false" variableLength="false" globbing="false" pipelineInput="false" position="named" aliases=""><maml:name>AsJob</maml:name><maml:description><maml:para>Runs the cmdlet as a background job. Use this parameter to run commands that take a long time to complete. 
 The cmdlet immediately returns an object that represents the job and then displays the command prompt. You can continue to work in the session while the job completes. To manage the job, use the *-Job cmdlets. To get the job results, use the <maml:navigationLink><maml:linkText>Receive-Job</maml:linkText><maml:uri></maml:uri></maml:navigationLink> cmdlet. 
 For more information about Windows PowerShell® background jobs, see <maml:navigationLink><maml:linkText>about_Jobs</maml:linkText><maml:uri></maml:uri></maml:navigationLink>.</maml:para></maml:description><command:parameterValue required="false" variableLength="false">SwitchParameter</command:parameterValue><dev:type><maml:name>SwitchParameter</maml:name><maml:uri /></dev:type><dev:defaultValue></dev:defaultValue></command:parameter><command:parameter required="false" variableLength="true" globbing="false" pipelineInput="false" position="named" aliases="Session"><maml:name>CimSession</maml:name><maml:description><maml:para>Runs the cmdlet in a remote session or on a remote computer. Enter a computer name or a session object, such as the output of a <maml:navigationLink><maml:linkText>New-CimSession</maml:linkText><maml:uri></maml:uri></maml:navigationLink> or <maml:navigationLink><maml:linkText>Get-CimSession</maml:linkText><maml:uri></maml:uri></maml:navigationLink> cmdlet. The default is the current session on the local computer.</maml:para></maml:description><command:parameterValue required="true" variableLength="true">CimSession[]</command:parameterValue><dev:type><maml:name>CimSession[]</maml:name><maml:uri /></dev:type><dev:defaultValue></dev:defaultValue></command:parameter><command:parameter required="false" variableLength="false" globbing="false" pipelineInput="false" position="named" aliases=""><maml:name>GPOSession</maml:name><maml:description><maml:para>Specifies the network GPO from which to retrieve the rules to be modified. 
                         
This parameter is used in the same way as the PolicyStore parameter. When modifying GPOs in Windows PowerShell®, each change to a GPO requires the entire GPO to be loaded, modified, and saved back. On a busy Domain Controller (DC), this can be a slow and resource-heavy operation. A GPO Session loads a domain GPO onto the local computer and makes all changes in a batch, before saving it back. This reduces the load on the DC and speeds up the Windows PowerShell cmdlets. To load a GPO Session, use the Open-NetGPO cmdlet. To save a GPO Session, use the Save-NetGPO cmdlet. </maml:para></maml:description><command:parameterValue required="true" variableLength="false">String</command:parameterValue><dev:type><maml:name>String</maml:name><maml:uri /></dev:type><dev:defaultValue></dev:defaultValue></command:parameter><command:parameter required="true" variableLength="true" globbing="false" pipelineInput="True (ByValue)" position="named" aliases=""><maml:name>InputObject</maml:name><maml:description><maml:para>Specifies the input to this cmdlet. You can use this parameter, or you can pipe the input to this cmdlet.</maml:para></maml:description><command:parameterValue required="true" variableLength="true">CimInstance[]</command:parameterValue><dev:type><maml:name>CimInstance[]</maml:name><maml:uri /></dev:type><dev:defaultValue></dev:defaultValue></command:parameter><command:parameter required="false" variableLength="false" globbing="false" pipelineInput="false" position="named" aliases=""><maml:name>PassThru</maml:name><maml:description><maml:para>Returns an object representing the item with which you are working. By default, this cmdlet does not generate any output.</maml:para></maml:description><command:parameterValue required="false" variableLength="false">SwitchParameter</command:parameterValue><dev:type><maml:name>SwitchParameter</maml:name><maml:uri /></dev:type><dev:defaultValue></dev:defaultValue></command:parameter><command:parameter required="false" variableLength="false" globbing="false" pipelineInput="false" position="named" aliases=""><maml:name>PolicyStore</maml:name><maml:description><maml:para>Specifies the policy store from which to retrieve the rules to be modified. 
                         
A policy store is a container for firewall and IPsec policy. 
The acceptable values for this parameter are: 
                         
 -- PersistentStore: Sometimes called static rules, this store contains the persistent policy for the local computer. This policy is not from GPOs, and has been created manually or programmatically (during application installation) on the computer. Rules created in this store are attached to the ActiveStore and activated on the computer immediately. This is the default value. 
                         
 -- ActiveStore: This store contains the currently active policy, which is the sum of all policy stores that apply to the computer. This is the resultant set of policy (RSOP) for the local computer (the sum of all GPOs that apply to the computer), and the local stores (the PersistentStore, the static Windows service hardening (WSH), and the configurable WSH). 
                         
 ---- GPOs are also policy stores. Computer GPOs can be specified as follows. 
                         
 ------ –PolicyStore hostname. 
                         
 ---- Active Directory GPOs can be specified as follows. 
                         
 ------ –PolicyStore domain.fqdn.com\GPO_Friendly_Name. 
                         
 ------ Such as the following. 
                         
 -------- -PolicyStore localhost
                         
 -------- -PolicyStore corp.contoso.com\FirewallPolicy
                         
 ---- Active Directory GPOs can be created using the New-GPO cmdlet or the Group Policy Management Console. 
                         
 -- RSOP: This read-only store contains the sum of all GPOs applied to the local computer. 
                         
 -- SystemDefaults: This read-only store contains the default state of firewall rules that ship with Windows Server® 2012. 
                         
 -- StaticServiceStore: This read-only store contains all the service restrictions that ship with Windows Server 2012. Optional and product-dependent features are considered part of Windows Server 2012 for the purposes of WFAS. 
                         
 -- ConfigurableServiceStore: This read-write store contains all the service restrictions that are added for third-party services. In addition, network isolation rules that are created for Windows Store application containers will appear in this policy store. 
Note: The Set-NetIPsecRule cmdlet cannot be used to add an object to a policy store. An object can only be added to a policy store at creation time with the Copy-NetIPsecRule cmdlet or with the New-NetIPsecRule cmdlet.</maml:para></maml:description><command:parameterValue required="true" variableLength="false">String</command:parameterValue><dev:type><maml:name>String</maml:name><maml:uri /></dev:type><dev:defaultValue></dev:defaultValue></command:parameter><command:parameter required="false" variableLength="false" globbing="false" pipelineInput="false" position="named" aliases=""><maml:name>Service</maml:name><maml:description><maml:para>Specifies the short name of a Windows Server 2012 service to which the firewall rule applies. If service is not specified, then network traffic generated by any program or service matches this rule. 
Note: Querying for rules with this parameter can only be performed using filter objects. </maml:para></maml:description><command:parameterValue required="true" variableLength="false">String</command:parameterValue><dev:type><maml:name>String</maml:name><maml:uri /></dev:type><dev:defaultValue></dev:defaultValue></command:parameter><command:parameter required="false" variableLength="false" globbing="false" pipelineInput="false" position="named" aliases=""><maml:name>ThrottleLimit</maml:name><maml:description><maml:para>Specifies the maximum number of concurrent operations that can be established to run the cmdlet. If this parameter is omitted or a value of 0 is entered, then Windows PowerShell® calculates an optimum throttle limit for the cmdlet based on the number of CIM cmdlets that are running on the computer. The throttle limit applies only to the current cmdlet, not to the session or to the computer.</maml:para></maml:description><command:parameterValue required="true" variableLength="false">Int32</command:parameterValue><dev:type><maml:name>Int32</maml:name><maml:uri /></dev:type><dev:defaultValue></dev:defaultValue></command:parameter><command:parameter required="false" variableLength="true" globbing="false" pipelineInput="false" position="named"><maml:name>Confirm</maml:name><maml:description><maml:para>Prompts you for confirmation before running the cmdlet.</maml:para></maml:description><command:parameterValue required="false" variableLength="false">SwitchParameter</command:parameterValue><dev:type><maml:name>SwitchParameter</maml:name><maml:uri /></dev:type><dev:defaultValue>false</dev:defaultValue></command:parameter><command:parameter required="false" variableLength="true" globbing="false" pipelineInput="false" position="named"><maml:name>WhatIf</maml:name><maml:description><maml:para>Shows what would happen if the cmdlet runs. The cmdlet is not run.</maml:para></maml:description><command:parameterValue required="false" variableLength="false">SwitchParameter</command:parameterValue><dev:type><maml:name>SwitchParameter</maml:name><maml:uri /></dev:type><dev:defaultValue>false</dev:defaultValue></command:parameter></command:parameters><command:inputTypes><command:inputType><dev:type><maml:name>Microsoft.Management.Infrastructure.CimInstance#root\StandardCimv2\MSFT_NetServiceFilter[]</maml:name><maml:uri></maml:uri><maml:description><maml:para /></maml:description></dev:type><maml:description><maml:para>The Microsoft.Management.Infrastructure.CimInstance object is a wrapper class that displays Windows Management Instrumentation (WMI) objects. The path after the pound sign (#) provides the namespace and class name for the underlying WMI object.</maml:para></maml:description></command:inputType></command:inputTypes><command:returnValues><command:returnValue><dev:type><maml:name>Microsoft.Management.Infrastructure.CimInstance#root\StandardCimv2\MSFT_NetServiceFilter[]</maml:name><maml:uri></maml:uri><maml:description><maml:para /></maml:description></dev:type><maml:description><maml:para>The Microsoft.Management.Infrastructure.CimInstance object is a wrapper class that displays Windows Management Instrumentation (WMI) objects. The path after the pound sign (#) provides the namespace and class name for the underlying WMI object.</maml:para></maml:description></command:returnValue></command:returnValues><command:terminatingErrors /><command:nonTerminatingErrors /><command:examples><command:example><maml:title>EXAMPLE 1</maml:title><maml:introduction><maml:para></maml:para></maml:introduction><dev:code>
PS C:\&gt;$nfServiceFilter = Get-FirewallRule –DisplayName "Wireless Portable Devices" | Get-NetFirewallServiceFilter



PS C:\&gt;Set-NetFirewallServiceFilter –Service Any –InputObject $nfServiceFilter


This cmdlet can be run using only the pipeline.
PS C:\&gt;Get-FirewallRule –DisplayName "Wireless Portable Devices" | Get-NetFirewallServiceFilter | Set-NetFirewallServiceFilter –Service Any


This cmdlet can be run without the pipeline.
PS C:\&gt;Set-NetFirewallRule –DisplayName “Wireless Portable Devices” –Service Any

</dev:code><dev:remarks><maml:para>This example modifies the user field of a particular firewall rule.</maml:para></dev:remarks><command:commandLines><command:commandLine><command:commandText /></command:commandLine></command:commandLines></command:example><command:example><maml:title>EXAMPLE 2</maml:title><maml:introduction><maml:para></maml:para></maml:introduction><dev:code>
PS C:\&gt;$nfServiceFilter = Get-NetFirewallRule –Group "@FirewallAPI.dll,-30502" | Get-NetFirewallServiceFilter -Service Any



PS C:\&gt;Set-NetFirewallServiceFilter –Service Ssdpsrv –InputObject $nfServiceFilter


This cmdlet can be run using only the pipeline.
PS C:\&gt;Get-NetFirewallRule –Group "@FirewallAPI.dll,-30502" | Get-NetFirewallServiceFilter -Service Any | Set-NetFirewallServiceFilter –Service Ssdpsrv

</dev:code><dev:remarks><maml:para>This example modifies the service associated with firewall rules in a specified group.</maml:para></dev:remarks><command:commandLines><command:commandLine><command:commandText /></command:commandLine></command:commandLines></command:example></command:examples><maml:relatedLinks><maml:navigationLink><maml:linkText>Online Version:</maml:linkText><maml:uri>http://go.microsoft.com/fwlink/?LinkId=288367</maml:uri></maml:navigationLink><maml:navigationLink><maml:linkText>Copy-NetIPsecRule</maml:linkText><maml:uri /></maml:navigationLink><maml:navigationLink><maml:linkText>Get-NetFirewallRule</maml:linkText><maml:uri /></maml:navigationLink><maml:navigationLink><maml:linkText>Get-NetFirewallServiceFilter</maml:linkText><maml:uri /></maml:navigationLink><maml:navigationLink><maml:linkText>Get-NetIPSecRule</maml:linkText><maml:uri /></maml:navigationLink><maml:navigationLink><maml:linkText>New-NetFirewallRule</maml:linkText><maml:uri /></maml:navigationLink><maml:navigationLink><maml:linkText>New-NetIPSecRule</maml:linkText><maml:uri /></maml:navigationLink><maml:navigationLink><maml:linkText>Open-NetGPO</maml:linkText><maml:uri /></maml:navigationLink><maml:navigationLink><maml:linkText>Save-NetGPO</maml:linkText><maml:uri /></maml:navigationLink><maml:navigationLink><maml:linkText>Set-NetFirewallRule</maml:linkText><maml:uri /></maml:navigationLink><maml:navigationLink><maml:linkText>Set-NetIPSecRule</maml:linkText><maml:uri /></maml:navigationLink><maml:navigationLink><maml:linkText>New-GPO</maml:linkText><maml:uri /></maml:navigationLink></maml:relatedLinks></command:command>

</helpItems>

