﻿<?xml version = "1.0" encoding = "utf-8" ?>

<helpItems schema="maml">

<command:command xmlns:maml="http://schemas.microsoft.com/maml/2004/10" xmlns:command="http://schemas.microsoft.com/maml/dev/command/2004/10" xmlns:dev="http://schemas.microsoft.com/maml/dev/2004/10" xmlns:MSHelp="http://msdn.microsoft.com/mshelp"><command:details><command:name>Open-NetGPO</command:name><maml:description><maml:para>Creates a cached copy of the Group Policy Object (GPO) to modify locally.</maml:para></maml:description><maml:copyright><maml:para /></maml:copyright><command:verb>Open</command:verb><command:noun>NetGPO</command:noun><dev:version /></command:details><maml:description><maml:para>The Open-NetGPO cmdlet caches the Group Policy Object (GPO) so that modifications can be made locally. The changes are batch returned to the policy store with the Save-NetGPO cmdlet.</maml:para><maml:para>Note: If the DomainController parameter value is not a writeable Domain Controller (DC), then the batch updates will not be applied. To help target a writeable DC, use the cmdlets in the Active Directory module using the <maml:navigationLink><maml:linkText>Get-Command</maml:linkText><maml:uri></maml:uri></maml:navigationLink> cmdlet with the Module parameter set to ActiveDirectory.</maml:para><maml:para>Note: An error will result for using this cmdlet when the user is not a domain administrator.</maml:para></maml:description><command:syntax><command:syntaxItem><maml:name>Open-NetGPO</maml:name><command:parameter required="true" variableLength="false" globbing="false" pipelineInput="false" position="1" aliases=""><maml:name>PolicyStore</maml:name><maml:description><maml:para>Specifies the policy store from which to retrieve the rules to be stored. 
                         
A policy store is a container for firewall and IPsec policy. 
The acceptable values for this parameter are: 
                         
 -- PersistentStore: Sometimes called static rules, this store contains the persistent policy for the local computer. This policy is not from GPOs, and has been created manually or programmatically (during application installation) on the computer. Rules created in this store are attached to the ActiveStore and activated on the computer immediately. 
                         
 -- ActiveStore: This store contains the currently active policy, which is the sum of all policy stores that apply to the computer. This is the resultant set of policy (RSOP) for the local computer (the sum of all GPOs that apply to the computer), and the local stores (the PersistentStore, the static Windows service hardening (WSH), and the configurable WSH).
                         
 -- -- GPOs are also policy stores. Computer GPOs can be specified as follows. 
                         
 --- -- –PolicyStore hostname. 
                         
 -- -- Active Directory GPOs can be specified as follows. 
                         
 --- -- –PolicyStore domain.fqdn.com\GPO_Friendly_Name. 
                         
 --- -- Such as the following. 
                         
 --- -- -- -PolicyStore localhost
                         
 --- -- -- -PolicyStore corp.contoso.com\FirewallPolicy
                         
 -- -- Active Directory GPOs can be created using the New-GPO cmdlet or the Group Policy Management Console. 
                         
 -- RSOP: This read-only store contains the sum of all GPOs applied to the local computer. 
                         
 -- SystemDefaults: This read-only store contains the default state of firewall rules that ship with Windows Server 2012. 
                         
 -- StaticServiceStore: This read-only store contains all the service restrictions that ship with Windows Server 2012. Optional and product-dependent features are considered part of Windows Server 2012 for the purposes of WFAS. 
                         
 -- ConfigurableServiceStore: This read-write store contains all the service restrictions that are added for third-party services. In addition, network isolation rules that are created for Windows Store application containers will appear in this policy store. 
                         
The default value is PersistentStore. 
Note: The Set-NetIPsecRule cmdlet cannot be used to add an object to a policy store. An object can only be added to a policy store at creation time with this Copy-NetIPsecRule cmdlet or with the New-NetIPsecRule cmdlet. </maml:para></maml:description><command:parameterValue required="true" variableLength="false">String</command:parameterValue></command:parameter><command:parameter required="false" variableLength="false" globbing="false" pipelineInput="false" position="named" aliases=""><maml:name>AsJob</maml:name><maml:description><maml:para>Runs the cmdlet as a background job. Use this parameter to run commands that take a long time to complete. 
 The cmdlet immediately returns an object that represents the job and then displays the command prompt. You can continue to work in the session while the job completes. To manage the job, use the *-Job cmdlets. To get the job results, use the <maml:navigationLink><maml:linkText>Receive-Job</maml:linkText><maml:uri></maml:uri></maml:navigationLink> cmdlet. 
 For more information about Windows PowerShell® background jobs, see <maml:navigationLink><maml:linkText>about_Jobs</maml:linkText><maml:uri></maml:uri></maml:navigationLink>.</maml:para></maml:description></command:parameter><command:parameter required="false" variableLength="true" globbing="false" pipelineInput="false" position="named" aliases="Session"><maml:name>CimSession</maml:name><maml:description><maml:para>Runs the cmdlet in a remote session or on a remote computer. Enter a computer name or a session object, such as the output of a <maml:navigationLink><maml:linkText>New-CimSession</maml:linkText><maml:uri></maml:uri></maml:navigationLink> or <maml:navigationLink><maml:linkText>Get-CimSession</maml:linkText><maml:uri></maml:uri></maml:navigationLink> cmdlet. The default is the current session on the local computer.</maml:para></maml:description><command:parameterValue required="true" variableLength="true">CimSession[]</command:parameterValue></command:parameter><command:parameter required="false" variableLength="false" globbing="false" pipelineInput="false" position="named" aliases=""><maml:name>DomainController</maml:name><maml:description><maml:para>Specifies the DC used to target the GPO. If this cmdlet is used without specifying this parameter, then the DC can target a read-only DC (RODC), and lose the batch changes with Save-NetGPO. To help target a writeable DC, use the cmdlets in the Active Directory module using the <maml:navigationLink><maml:linkText>Get-Command</maml:linkText><maml:uri></maml:uri></maml:navigationLink> cmdlet with the Module parameter set to ActiveDirectory.</maml:para></maml:description><command:parameterValue required="true" variableLength="false">String</command:parameterValue></command:parameter><command:parameter required="false" variableLength="false" globbing="false" pipelineInput="false" position="named" aliases=""><maml:name>ThrottleLimit</maml:name><maml:description><maml:para>Specifies the maximum number of concurrent operations that can be established to run the cmdlet. If this parameter is omitted or a value of 0 is entered, then Windows PowerShell® calculates an optimum throttle limit for the cmdlet based on the number of CIM cmdlets that are running on the computer. The throttle limit applies only to the current cmdlet, not to the session or to the computer.</maml:para></maml:description><command:parameterValue required="true" variableLength="false">Int32</command:parameterValue></command:parameter></command:syntaxItem></command:syntax><command:parameters><command:parameter required="false" variableLength="false" globbing="false" pipelineInput="false" position="named" aliases=""><maml:name>AsJob</maml:name><maml:description><maml:para>Runs the cmdlet as a background job. Use this parameter to run commands that take a long time to complete. 
 The cmdlet immediately returns an object that represents the job and then displays the command prompt. You can continue to work in the session while the job completes. To manage the job, use the *-Job cmdlets. To get the job results, use the <maml:navigationLink><maml:linkText>Receive-Job</maml:linkText><maml:uri></maml:uri></maml:navigationLink> cmdlet. 
 For more information about Windows PowerShell® background jobs, see <maml:navigationLink><maml:linkText>about_Jobs</maml:linkText><maml:uri></maml:uri></maml:navigationLink>.</maml:para></maml:description><command:parameterValue required="false" variableLength="false">SwitchParameter</command:parameterValue><dev:type><maml:name>SwitchParameter</maml:name><maml:uri /></dev:type><dev:defaultValue></dev:defaultValue></command:parameter><command:parameter required="false" variableLength="true" globbing="false" pipelineInput="false" position="named" aliases="Session"><maml:name>CimSession</maml:name><maml:description><maml:para>Runs the cmdlet in a remote session or on a remote computer. Enter a computer name or a session object, such as the output of a <maml:navigationLink><maml:linkText>New-CimSession</maml:linkText><maml:uri></maml:uri></maml:navigationLink> or <maml:navigationLink><maml:linkText>Get-CimSession</maml:linkText><maml:uri></maml:uri></maml:navigationLink> cmdlet. The default is the current session on the local computer.</maml:para></maml:description><command:parameterValue required="true" variableLength="true">CimSession[]</command:parameterValue><dev:type><maml:name>CimSession[]</maml:name><maml:uri /></dev:type><dev:defaultValue></dev:defaultValue></command:parameter><command:parameter required="false" variableLength="false" globbing="false" pipelineInput="false" position="named" aliases=""><maml:name>DomainController</maml:name><maml:description><maml:para>Specifies the DC used to target the GPO. If this cmdlet is used without specifying this parameter, then the DC can target a read-only DC (RODC), and lose the batch changes with Save-NetGPO. To help target a writeable DC, use the cmdlets in the Active Directory module using the <maml:navigationLink><maml:linkText>Get-Command</maml:linkText><maml:uri></maml:uri></maml:navigationLink> cmdlet with the Module parameter set to ActiveDirectory.</maml:para></maml:description><command:parameterValue required="true" variableLength="false">String</command:parameterValue><dev:type><maml:name>String</maml:name><maml:uri /></dev:type><dev:defaultValue></dev:defaultValue></command:parameter><command:parameter required="true" variableLength="false" globbing="false" pipelineInput="false" position="1" aliases=""><maml:name>PolicyStore</maml:name><maml:description><maml:para>Specifies the policy store from which to retrieve the rules to be stored. 
                         
A policy store is a container for firewall and IPsec policy. 
The acceptable values for this parameter are: 
                         
 -- PersistentStore: Sometimes called static rules, this store contains the persistent policy for the local computer. This policy is not from GPOs, and has been created manually or programmatically (during application installation) on the computer. Rules created in this store are attached to the ActiveStore and activated on the computer immediately. 
                         
 -- ActiveStore: This store contains the currently active policy, which is the sum of all policy stores that apply to the computer. This is the resultant set of policy (RSOP) for the local computer (the sum of all GPOs that apply to the computer), and the local stores (the PersistentStore, the static Windows service hardening (WSH), and the configurable WSH).
                         
 -- -- GPOs are also policy stores. Computer GPOs can be specified as follows. 
                         
 --- -- –PolicyStore hostname. 
                         
 -- -- Active Directory GPOs can be specified as follows. 
                         
 --- -- –PolicyStore domain.fqdn.com\GPO_Friendly_Name. 
                         
 --- -- Such as the following. 
                         
 --- -- -- -PolicyStore localhost
                         
 --- -- -- -PolicyStore corp.contoso.com\FirewallPolicy
                         
 -- -- Active Directory GPOs can be created using the New-GPO cmdlet or the Group Policy Management Console. 
                         
 -- RSOP: This read-only store contains the sum of all GPOs applied to the local computer. 
                         
 -- SystemDefaults: This read-only store contains the default state of firewall rules that ship with Windows Server 2012. 
                         
 -- StaticServiceStore: This read-only store contains all the service restrictions that ship with Windows Server 2012. Optional and product-dependent features are considered part of Windows Server 2012 for the purposes of WFAS. 
                         
 -- ConfigurableServiceStore: This read-write store contains all the service restrictions that are added for third-party services. In addition, network isolation rules that are created for Windows Store application containers will appear in this policy store. 
                         
The default value is PersistentStore. 
Note: The Set-NetIPsecRule cmdlet cannot be used to add an object to a policy store. An object can only be added to a policy store at creation time with this Copy-NetIPsecRule cmdlet or with the New-NetIPsecRule cmdlet. </maml:para></maml:description><command:parameterValue required="true" variableLength="false">String</command:parameterValue><dev:type><maml:name>String</maml:name><maml:uri /></dev:type><dev:defaultValue></dev:defaultValue></command:parameter><command:parameter required="false" variableLength="false" globbing="false" pipelineInput="false" position="named" aliases=""><maml:name>ThrottleLimit</maml:name><maml:description><maml:para>Specifies the maximum number of concurrent operations that can be established to run the cmdlet. If this parameter is omitted or a value of 0 is entered, then Windows PowerShell® calculates an optimum throttle limit for the cmdlet based on the number of CIM cmdlets that are running on the computer. The throttle limit applies only to the current cmdlet, not to the session or to the computer.</maml:para></maml:description><command:parameterValue required="true" variableLength="false">Int32</command:parameterValue><dev:type><maml:name>Int32</maml:name><maml:uri /></dev:type><dev:defaultValue></dev:defaultValue></command:parameter></command:parameters><command:inputTypes><command:inputType><dev:type><maml:name>None</maml:name><maml:uri></maml:uri><maml:description><maml:para /></maml:description></dev:type><maml:description><maml:para></maml:para></maml:description></command:inputType></command:inputTypes><command:returnValues><command:returnValue><dev:type><maml:name>Microsoft.Management.Infrastructure.CimInstance#root\StandardCimv2\GPOSession</maml:name><maml:uri></maml:uri><maml:description><maml:para /></maml:description></dev:type><maml:description><maml:para>The Microsoft.Management.Infrastructure.CimInstance object is a wrapper class that displays Windows Management Instrumentation (WMI) objects. The path after the pound sign (#) provides the namespace and class name for the underlying WMI object.</maml:para></maml:description></command:returnValue></command:returnValues><command:terminatingErrors /><command:nonTerminatingErrors /><command:examples><command:example><maml:title>EXAMPLE 1</maml:title><maml:introduction><maml:para></maml:para></maml:introduction><dev:code>
PS C:\&gt;$gpoSession = Open-NetGPO –PolicyStore castle.contoso.com\Win8ClientFirewallPolicy



PS C:\&gt;Remove-NetFirewallRule –Name BlockIMAccess –GPOSession $gpoSession



PS C:\&gt;New-NetFirewallRule –Name LimitIMAccess –DisplayName "Contoso Messenger" –Program "%ProgramFiles(X86)%\Contoso Messenger\cmsg.exe" –Action Block –GPOSession $gpoSession



PS C:\&gt;Save-NetGPO –GPOSession $gpoSession

</dev:code><dev:remarks><maml:para>This example replaces one rule in a domain GPO with another using a cached copy of the GPO.</maml:para></dev:remarks><command:commandLines><command:commandLine><command:commandText /></command:commandLine></command:commandLines></command:example><command:example><maml:title>EXAMPLE 2</maml:title><maml:introduction><maml:para></maml:para></maml:introduction><dev:code>
PS C:\&gt;$domain = "corp.contoso.com"



PS C:\&gt;$gpo = "corp.contoso.com\FirewallPolicy"



PS C:\&gt;$pdc = Get-ADDomainController -Discover -Service PrimaryDC -DomainName $domain



PS C:\&gt;$session = Open-NetGPO -PolicyStore $gpo -DomainController $pdc.Hostname

</dev:code><dev:remarks><maml:para>This example shows targeting and opening a writeable DC. This ensures that the batch modifications are made when the GPO is closed.</maml:para></dev:remarks><command:commandLines><command:commandLine><command:commandText /></command:commandLine></command:commandLines></command:example></command:examples><maml:relatedLinks><maml:navigationLink><maml:linkText>Online Version:</maml:linkText><maml:uri>http://go.microsoft.com/fwlink/?LinkId=288123</maml:uri></maml:navigationLink><maml:navigationLink><maml:linkText>Get-Command</maml:linkText><maml:uri></maml:uri></maml:navigationLink><maml:navigationLink><maml:linkText>New-NetFirewallRule</maml:linkText><maml:uri /></maml:navigationLink><maml:navigationLink><maml:linkText>Remove-NetFirewallRule</maml:linkText><maml:uri /></maml:navigationLink><maml:navigationLink><maml:linkText>Save-NetGPO</maml:linkText><maml:uri /></maml:navigationLink><maml:navigationLink><maml:linkText>New-NetIPsecRule</maml:linkText><maml:uri /></maml:navigationLink><maml:navigationLink><maml:linkText>Set-NetIPsecRule</maml:linkText><maml:uri /></maml:navigationLink><maml:navigationLink><maml:linkText>Get-ADDomainController</maml:linkText><maml:uri /></maml:navigationLink><maml:navigationLink><maml:linkText>New-GPO</maml:linkText><maml:uri /></maml:navigationLink></maml:relatedLinks></command:command>

<command:command xmlns:maml="http://schemas.microsoft.com/maml/2004/10" xmlns:command="http://schemas.microsoft.com/maml/dev/command/2004/10" xmlns:dev="http://schemas.microsoft.com/maml/dev/2004/10" xmlns:MSHelp="http://msdn.microsoft.com/mshelp"><command:details><command:name>Save-NetGPO</command:name><maml:description><maml:para>Applies the modified cached local Group Policy Object (GPO) to the actual GPO.</maml:para></maml:description><maml:copyright><maml:para /></maml:copyright><command:verb>Save</command:verb><command:noun>NetGPO</command:noun><dev:version /></command:details><maml:description><maml:para>The Save-NetGPO cmdlet saves the changes made to the local cached group policy object. The cached Group Policy Object (GPO) copy is created with the Open-NetGPO cmdlet.</maml:para><maml:para>Individual operations on group policy objects require a round-trip to load the policy store. When the policy store is a GPO on a busy domain controller, an administrator will want to open the GPO, do the work on it, and then save it back, with an in-memory copy.</maml:para><maml:para>Modifications are performed through the use of the GPOSession parameter.</maml:para><maml:para>Note: This cmdlet does not batch individual changes, it loads and saves the entire GPO at once. If any other changes were made by another administrator, or in a different Windows PowerShell® session, saving the GPO would overwrite those changes.</maml:para></maml:description><command:syntax><command:syntaxItem><maml:name>Save-NetGPO</maml:name><command:parameter required="true" variableLength="false" globbing="false" pipelineInput="false" position="1" aliases=""><maml:name>GPOSession</maml:name><maml:description><maml:para>Specifies the GPO session to be saved. 
                         
This parameter is used in the same way as the PolicyStore parameter. When modifying GPOs in Windows PowerShell®, each change to a GPO requires the entire GPO to be loaded, modified, and saved back. On a busy Domain Controller (DC), this can be a slow and resource-heavy operation. A GPO session loads a domain GPO onto the local computer and makes all changes in a batch, before saving it back. This reduces the load on the DC and speeds up the Windows PowerShell cmdlets. To load a GPO Session, use the Open-NetGPO cmdlet. To save a GPO Session, use this cmdlet. </maml:para></maml:description><command:parameterValue required="true" variableLength="false">String</command:parameterValue></command:parameter><command:parameter required="false" variableLength="false" globbing="false" pipelineInput="false" position="named" aliases=""><maml:name>AsJob</maml:name><maml:description><maml:para>Runs the cmdlet as a background job. Use this parameter to run commands that take a long time to complete. 
 The cmdlet immediately returns an object that represents the job and then displays the command prompt. You can continue to work in the session while the job completes. To manage the job, use the *-Job cmdlets. To get the job results, use the <maml:navigationLink><maml:linkText>Receive-Job</maml:linkText><maml:uri></maml:uri></maml:navigationLink> cmdlet. 
 For more information about Windows PowerShell® background jobs, see <maml:navigationLink><maml:linkText>about_Jobs</maml:linkText><maml:uri></maml:uri></maml:navigationLink>.</maml:para></maml:description></command:parameter><command:parameter required="false" variableLength="true" globbing="false" pipelineInput="false" position="named" aliases="Session"><maml:name>CimSession</maml:name><maml:description><maml:para>Runs the cmdlet in a remote session or on a remote computer. Enter a computer name or a session object, such as the output of a <maml:navigationLink><maml:linkText>New-CimSession</maml:linkText><maml:uri></maml:uri></maml:navigationLink> or <maml:navigationLink><maml:linkText>Get-CimSession</maml:linkText><maml:uri></maml:uri></maml:navigationLink> cmdlet. The default is the current session on the local computer.</maml:para></maml:description><command:parameterValue required="true" variableLength="true">CimSession[]</command:parameterValue></command:parameter><command:parameter required="false" variableLength="false" globbing="false" pipelineInput="false" position="named" aliases=""><maml:name>ThrottleLimit</maml:name><maml:description><maml:para>Specifies the maximum number of concurrent operations that can be established to run the cmdlet. If this parameter is omitted or a value of 0 is entered, then Windows PowerShell® calculates an optimum throttle limit for the cmdlet based on the number of CIM cmdlets that are running on the computer. The throttle limit applies only to the current cmdlet, not to the session or to the computer.</maml:para></maml:description><command:parameterValue required="true" variableLength="false">Int32</command:parameterValue></command:parameter></command:syntaxItem></command:syntax><command:parameters><command:parameter required="false" variableLength="false" globbing="false" pipelineInput="false" position="named" aliases=""><maml:name>AsJob</maml:name><maml:description><maml:para>Runs the cmdlet as a background job. Use this parameter to run commands that take a long time to complete. 
 The cmdlet immediately returns an object that represents the job and then displays the command prompt. You can continue to work in the session while the job completes. To manage the job, use the *-Job cmdlets. To get the job results, use the <maml:navigationLink><maml:linkText>Receive-Job</maml:linkText><maml:uri></maml:uri></maml:navigationLink> cmdlet. 
 For more information about Windows PowerShell® background jobs, see <maml:navigationLink><maml:linkText>about_Jobs</maml:linkText><maml:uri></maml:uri></maml:navigationLink>.</maml:para></maml:description><command:parameterValue required="false" variableLength="false">SwitchParameter</command:parameterValue><dev:type><maml:name>SwitchParameter</maml:name><maml:uri /></dev:type><dev:defaultValue></dev:defaultValue></command:parameter><command:parameter required="false" variableLength="true" globbing="false" pipelineInput="false" position="named" aliases="Session"><maml:name>CimSession</maml:name><maml:description><maml:para>Runs the cmdlet in a remote session or on a remote computer. Enter a computer name or a session object, such as the output of a <maml:navigationLink><maml:linkText>New-CimSession</maml:linkText><maml:uri></maml:uri></maml:navigationLink> or <maml:navigationLink><maml:linkText>Get-CimSession</maml:linkText><maml:uri></maml:uri></maml:navigationLink> cmdlet. The default is the current session on the local computer.</maml:para></maml:description><command:parameterValue required="true" variableLength="true">CimSession[]</command:parameterValue><dev:type><maml:name>CimSession[]</maml:name><maml:uri /></dev:type><dev:defaultValue></dev:defaultValue></command:parameter><command:parameter required="true" variableLength="false" globbing="false" pipelineInput="false" position="1" aliases=""><maml:name>GPOSession</maml:name><maml:description><maml:para>Specifies the GPO session to be saved. 
                         
This parameter is used in the same way as the PolicyStore parameter. When modifying GPOs in Windows PowerShell®, each change to a GPO requires the entire GPO to be loaded, modified, and saved back. On a busy Domain Controller (DC), this can be a slow and resource-heavy operation. A GPO session loads a domain GPO onto the local computer and makes all changes in a batch, before saving it back. This reduces the load on the DC and speeds up the Windows PowerShell cmdlets. To load a GPO Session, use the Open-NetGPO cmdlet. To save a GPO Session, use this cmdlet. </maml:para></maml:description><command:parameterValue required="true" variableLength="false">String</command:parameterValue><dev:type><maml:name>String</maml:name><maml:uri /></dev:type><dev:defaultValue></dev:defaultValue></command:parameter><command:parameter required="false" variableLength="false" globbing="false" pipelineInput="false" position="named" aliases=""><maml:name>ThrottleLimit</maml:name><maml:description><maml:para>Specifies the maximum number of concurrent operations that can be established to run the cmdlet. If this parameter is omitted or a value of 0 is entered, then Windows PowerShell® calculates an optimum throttle limit for the cmdlet based on the number of CIM cmdlets that are running on the computer. The throttle limit applies only to the current cmdlet, not to the session or to the computer.</maml:para></maml:description><command:parameterValue required="true" variableLength="false">Int32</command:parameterValue><dev:type><maml:name>Int32</maml:name><maml:uri /></dev:type><dev:defaultValue></dev:defaultValue></command:parameter></command:parameters><command:inputTypes><command:inputType><dev:type><maml:name>Microsoft.Management.Infrastructure.CimInstance#root\StandardCimv2\GPOSession</maml:name><maml:uri></maml:uri><maml:description><maml:para /></maml:description></dev:type><maml:description><maml:para>The Microsoft.Management.Infrastructure.CimInstance object is a wrapper class that displays Windows Management Instrumentation (WMI) objects. The path after the pound sign (#) provides the namespace and class name for the underlying WMI object.</maml:para></maml:description></command:inputType></command:inputTypes><command:returnValues><command:returnValue><dev:type><maml:name>None</maml:name><maml:uri></maml:uri><maml:description><maml:para /></maml:description></dev:type><maml:description><maml:para></maml:para></maml:description></command:returnValue></command:returnValues><command:terminatingErrors /><command:nonTerminatingErrors /><command:examples><command:example><maml:title>EXAMPLE 1</maml:title><maml:introduction><maml:para></maml:para></maml:introduction><dev:code>
PS C:\&gt;$gpoSession = Open-NetGPO –PolicyStore castle.contoso.com\Win8ClientFirewallPolicy



PS C:\&gt;Remove-NetFirewallRule –Name BlockIMAccess –GPOSession $gpoSession



PS C:\&gt;New-NetFirewallRule –Name LimitIMAccess –DisplayName "Contoso Messenger" –Program "%ProgramFiles(X86)%\Contoso Messenger\cmsg.exe" –Action Block –GPOSession $gpoSession



PS C:\&gt;Save-NetGPO –GPOSession $gpoSession

</dev:code><dev:remarks><maml:para>This example replaces one rule in a domain GPO with another using a cached copy of the GPO.</maml:para></dev:remarks><command:commandLines><command:commandLine><command:commandText /></command:commandLine></command:commandLines></command:example></command:examples><maml:relatedLinks><maml:navigationLink><maml:linkText>Online Version:</maml:linkText><maml:uri>http://go.microsoft.com/fwlink/?LinkId=288209</maml:uri></maml:navigationLink><maml:navigationLink><maml:linkText>New-NetFirewallRule</maml:linkText><maml:uri /></maml:navigationLink><maml:navigationLink><maml:linkText>Open-NetGPO</maml:linkText><maml:uri /></maml:navigationLink><maml:navigationLink><maml:linkText>Remove-NetFirewallRule</maml:linkText><maml:uri /></maml:navigationLink></maml:relatedLinks></command:command>

</helpItems>

