{"options":{"check_for_updates":true,"comment":null,"compatopts_for_requires":true,"compat_wrappedjsobject":false,"compat_metadata":false,"compat_foreach":false,"compat_prototypes":false,"noframes":null,"run_at":null,"override":{"use_includes":[],"orig_includes":["/https?://discord\\.com/channels/*/"],"merge_includes":true,"use_matches":[],"orig_matches":[],"merge_matches":true,"use_excludes":[],"orig_excludes":[],"merge_excludes":true,"use_connects":[],"orig_connects":[],"merge_connects":true,"use_blockers":[],"orig_run_at":"document-idle","orig_noframes":null}},"settings":{"enabled":true,"position":1},"meta":{"name":"DiscordCopyCodeButton","uuid":"c09acf47-1942-4bab-b5f0-d7a077fbd732","modified":1611105220889,"file_url":"https://github.com/DanaMW/DiscordWeb/raw/master/DiscordCopyCodeButton.user.js"}}