{"options":{"check_for_updates":true,"comment":null,"compatopts_for_requires":true,"compat_wrappedjsobject":false,"compat_metadata":false,"compat_foreach":false,"compat_powerful_this":null,"sandbox":null,"noframes":null,"unwrap":null,"run_at":null,"tab_types":null,"override":{"use_includes":[],"orig_includes":["/https?://discord\\.com/channels/*/"],"merge_includes":true,"use_matches":[],"orig_matches":[],"merge_matches":true,"use_excludes":[],"orig_excludes":[],"merge_excludes":true,"use_connects":[],"orig_connects":[],"merge_connects":true,"use_blockers":[],"orig_run_at":"document-idle","orig_noframes":null},"user_modified":null,"tags":[]},"settings":{"enabled":true,"position":1},"meta":{"name":"DiscordCopyCodeButton","uuid":"c09acf47-1942-4bab-b5f0-d7a077fbd732","modified":1675932016381,"file_url":"https://github.com/DanaMW/DiscordWeb/raw/master/DiscordCopyCodeButton.user.js"}}