{"options":{"check_for_updates":true,"comment":null,"compatopts_for_requires":true,"compat_wrappedjsobject":false,"compat_metadata":false,"compat_foreach":false,"compat_powerful_this":null,"sandbox":null,"noframes":null,"unwrap":null,"run_at":null,"tab_types":null,"override":{"use_includes":[],"orig_includes":[],"merge_includes":true,"use_matches":[],"orig_matches":["*://*.youtube.com/*","*://*.vimeo.com/*"],"merge_matches":true,"use_excludes":[],"orig_excludes":[],"merge_excludes":true,"use_connects":[],"orig_connects":[],"merge_connects":true,"use_blockers":[],"orig_run_at":"document-start","orig_noframes":null},"user_modified":null,"tags":[]},"settings":{"enabled":false,"position":9},"meta":{"name":"Video Background Play Fix","uuid":"8f20de58-3a7f-47de-815c-592a421ce655","modified":1654946395333,"file_url":"https://greasyfork.org/scripts/371641-video-background-play-fix/code/Video%20Background%20Play%20Fix.user.js"}}