{"options":{"check_for_updates":true,"user_modified":null,"comment":null,"compatopts_for_requires":true,"compat_wrappedjsobject":false,"compat_metadata":false,"compat_foreach":false,"compat_powerful_this":null,"sandbox":null,"noframes":null,"unwrap":null,"run_at":null,"tab_types":null,"override":{"use_includes":[],"orig_includes":[],"merge_includes":true,"use_matches":[],"orig_matches":["http://www.youtube.com/*","https://www.youtube.com/*"],"merge_matches":true,"use_excludes":[],"orig_excludes":[],"merge_excludes":true,"use_connects":[],"orig_connects":[],"merge_connects":true,"use_blockers":[],"orig_run_at":"document-idle","orig_noframes":true},"tags":[]},"settings":{"enabled":true,"position":8},"meta":{"name":"YouTube Player Controls","uuid":"11abc44c-acfc-4a7c-89cd-151f8fe5a38e","modified":1719181877065,"file_url":"https://update.greasyfork.org/scripts/16323/YouTube%20Player%20Controls.user.js"}}