﻿<?xml version="1.0" encoding="utf-8"?>
<helpItems xmlns="http://msh" schema="maml">
  <!-- Updatable Help Version 4.0.1.0 -->
  <command:command xmlns:maml="http://schemas.microsoft.com/maml/2004/10" xmlns:command="http://schemas.microsoft.com/maml/dev/command/2004/10" xmlns:dev="http://schemas.microsoft.com/maml/dev/2004/10" xmlns:MSHelp="http://msdn.microsoft.com/mshelp">
    <command:details>
      <command:name>Clear-AssignedAccess</command:name>
      <maml:description>
        <maml:para>Removes the user account from assigned access.</maml:para>
      </maml:description>
      <maml:copyright>
        <maml:para />
      </maml:copyright>
      <command:verb>Clear</command:verb>
      <command:noun>AssignedAccess</command:noun>
      <dev:version />
    </command:details>
    <maml:description>
      <maml:para>The Clear-AssignedAccess cmdlet removes the user account from assigned access and returns the user to default settings.</maml:para>
      <maml:para>If a user is signed in or the PC has a PS/2 keyboard, you must restart the computer to apply the changes.</maml:para>
    </maml:description>
    <command:syntax>
      <command:syntaxItem>
        <maml:name>Clear-AssignedAccess</maml:name>
        <command:parameter required="false" variableLength="true" globbing="false" pipelineInput="false" position="named">
          <maml:name>Confirm</maml:name>
          <maml:description>
            <maml:para>Prompts you for confirmation before running the cmdlet.</maml:para>
          </maml:description>
        </command:parameter>
        <command:parameter required="false" variableLength="true" globbing="false" pipelineInput="false" position="named">
          <maml:name>WhatIf</maml:name>
          <maml:description>
            <maml:para>Shows what would happen if the cmdlet runs. The cmdlet is not run.</maml:para>
          </maml:description>
        </command:parameter>
      </command:syntaxItem>
    </command:syntax>
    <command:parameters>
      <command:parameter required="false" variableLength="true" globbing="false" pipelineInput="false" position="named">
        <maml:name>Confirm</maml:name>
        <maml:description>
          <maml:para>Prompts you for confirmation before running the cmdlet.</maml:para>
        </maml:description>
        <command:parameterValue required="false" variableLength="false">SwitchParameter</command:parameterValue>
        <dev:type>
          <maml:name>SwitchParameter</maml:name>
          <maml:uri />
        </dev:type>
        <dev:defaultValue>false</dev:defaultValue>
      </command:parameter>
      <command:parameter required="false" variableLength="true" globbing="false" pipelineInput="false" position="named">
        <maml:name>WhatIf</maml:name>
        <maml:description>
          <maml:para>Shows what would happen if the cmdlet runs. The cmdlet is not run.</maml:para>
        </maml:description>
        <command:parameterValue required="false" variableLength="false">SwitchParameter</command:parameterValue>
        <dev:type>
          <maml:name>SwitchParameter</maml:name>
          <maml:uri />
        </dev:type>
        <dev:defaultValue>false</dev:defaultValue>
      </command:parameter>
    </command:parameters>
    <command:inputTypes>
      <command:inputType>
        <dev:type>
          <maml:name>None.</maml:name>
          <maml:uri>
          </maml:uri>
          <maml:description>
            <maml:para />
          </maml:description>
        </dev:type>
        <maml:description>
          <maml:para>You cannot pipe input to this cmdlet.</maml:para>
        </maml:description>
      </command:inputType>
    </command:inputTypes>
    <command:returnValues>
      <command:returnValue>
        <dev:type>
          <maml:name>None.</maml:name>
          <maml:uri>
          </maml:uri>
          <maml:description>
            <maml:para />
          </maml:description>
        </dev:type>
        <maml:description>
          <maml:para>This cmdlet does not generate any output.</maml:para>
        </maml:description>
      </command:returnValue>
    </command:returnValues>
    <command:terminatingErrors />
    <command:nonTerminatingErrors />
    <command:examples>
      <command:example>
        <maml:title>EXAMPLE 1</maml:title>
        <maml:introduction>
          <maml:para>
          </maml:para>
        </maml:introduction>
        <dev:code>PS C:\&gt; Clear-AssignedAccess
</dev:code>
        <dev:remarks>
          <maml:para>This example shows how to remove the user account from assigned access and return the user to default settings.</maml:para>
        </dev:remarks>
        <command:commandLines>
          <command:commandLine>
            <command:commandText />
          </command:commandLine>
        </command:commandLines>
      </command:example>
    </command:examples>
    <maml:relatedLinks>
      <maml:navigationLink>
        <maml:linkText>Online Version:</maml:linkText>
        <maml:uri>http://go.microsoft.com/fwlink/?linkid=286449</maml:uri>
      </maml:navigationLink>
      <maml:navigationLink>
        <maml:linkText>Get-AssignedAccess</maml:linkText>
        <maml:uri />
      </maml:navigationLink>
      <maml:navigationLink>
        <maml:linkText>Set-AssignedAccess</maml:linkText>
        <maml:uri />
      </maml:navigationLink>
    </maml:relatedLinks>
  </command:command>
  <command:command xmlns:maml="http://schemas.microsoft.com/maml/2004/10" xmlns:command="http://schemas.microsoft.com/maml/dev/command/2004/10" xmlns:dev="http://schemas.microsoft.com/maml/dev/2004/10" xmlns:MSHelp="http://msdn.microsoft.com/mshelp">
    <command:details>
      <command:name>Get-AssignedAccess</command:name>
      <maml:description>
        <maml:para>Retrieves the current configuration for assigned access.</maml:para>
      </maml:description>
      <maml:copyright>
        <maml:para />
      </maml:copyright>
      <command:verb>Get</command:verb>
      <command:noun>AssignedAccess</command:noun>
      <dev:version />
    </command:details>
    <maml:description>
      <maml:para>The Get-AssignedAccess cmdlet retrieves the current configuration for assigned access, including the user name, user SID, app friendly name, and app ID.</maml:para>
    </maml:description>
    <command:syntax>
      <command:syntaxItem>
        <maml:name>Get-AssignedAccess</maml:name>
      </command:syntaxItem>
    </command:syntax>
    <command:parameters>
    </command:parameters>
    <command:inputTypes>
      <command:inputType>
        <dev:type>
          <maml:name>None.</maml:name>
          <maml:uri>
          </maml:uri>
          <maml:description>
            <maml:para />
          </maml:description>
        </dev:type>
        <maml:description>
          <maml:para>You cannot pipe input to this cmdlet.</maml:para>
        </maml:description>
      </command:inputType>
    </command:inputTypes>
    <command:returnValues>
      <command:returnValue>
        <dev:type>
          <maml:name>None.</maml:name>
          <maml:uri>
          </maml:uri>
          <maml:description>
            <maml:para />
          </maml:description>
        </dev:type>
        <maml:description>
          <maml:para>This cmdlet does not generate any output. </maml:para>
        </maml:description>
      </command:returnValue>
    </command:returnValues>
    <command:terminatingErrors />
    <command:nonTerminatingErrors />
    <command:examples>
      <command:example>
        <maml:title>EXAMPLE 1</maml:title>
        <maml:introduction>
          <maml:para>
          </maml:para>
        </maml:introduction>
        <dev:code>PS C:\&gt; Get-AssignedAccess

User Name: MYPC\UserName
User SID:  S-1-5-21-594534509-2542345234-234523453-1004
AUMID:     Microsoft.Media.PlayReadyClient_2.3.1678.0_x64__8wekyb3d8bbwe
App Name:  Microsoft.Media.PlayReadyClient

</dev:code>
        <dev:remarks>
          <maml:para>This example shows how to retrieve the current configuration for assigned access.</maml:para>
        </dev:remarks>
        <command:commandLines>
          <command:commandLine>
            <command:commandText />
          </command:commandLine>
        </command:commandLines>
      </command:example>
    </command:examples>
    <maml:relatedLinks>
      <maml:navigationLink>
        <maml:linkText>Online Version:</maml:linkText>
        <maml:uri>http://go.microsoft.com/fwlink/?linkid=286447</maml:uri>
      </maml:navigationLink>
      <maml:navigationLink>
        <maml:linkText>Set-AssignedAccess</maml:linkText>
        <maml:uri />
      </maml:navigationLink>
      <maml:navigationLink>
        <maml:linkText>Clear-AssignedAccess</maml:linkText>
        <maml:uri />
      </maml:navigationLink>
    </maml:relatedLinks>
  </command:command>
  <command:command xmlns:maml="http://schemas.microsoft.com/maml/2004/10" xmlns:command="http://schemas.microsoft.com/maml/dev/command/2004/10" xmlns:dev="http://schemas.microsoft.com/maml/dev/2004/10" xmlns:MSHelp="http://msdn.microsoft.com/mshelp">
    <command:details>
      <command:name>Set-AssignedAccess</command:name>
      <maml:description>
        <maml:para>Configures a user to launch only one app.</maml:para>
      </maml:description>
      <maml:copyright>
        <maml:para />
      </maml:copyright>
      <command:verb>Set</command:verb>
      <command:noun>AssignedAccess</command:noun>
      <dev:version />
    </command:details>
    <maml:description>
      <maml:para>The Set-AssignedAccess cmdlet configures the specified user account so that it can use only one Windows Store app. The user cannot exit the app, sign out, or access any system settings.</maml:para>
      <maml:para>If a user is signed in or the PC has a PS/2 keyboard, you must restart the computer to apply the changes.</maml:para>
      <maml:para>To sign out of assigned access, quickly press the left Windows logo key five times.</maml:para>
    </maml:description>
    <command:syntax>
      <command:syntaxItem>
        <maml:name>Set-AssignedAccess</maml:name>
        <command:parameter required="true" variableLength="false" globbing="true" pipelineInput="false" position="named" aliases="">
          <maml:name>AppName</maml:name>
          <maml:description>
            <maml:para>Specifies the name of the installed Windows Store app to use for assigned access. Wildcard characters are accepted.</maml:para>
          </maml:description>
          <command:parameterValue required="true" variableLength="false">String</command:parameterValue>
        </command:parameter>
        <command:parameter required="true" variableLength="false" globbing="false" pipelineInput="false" position="named" aliases="">
          <maml:name>UserName</maml:name>
          <maml:description>
            <maml:para>Specifies the local user account name to use for assigned access. This cannot be a domain account or an administrator account. </maml:para>
          </maml:description>
          <command:parameterValue required="true" variableLength="false">String</command:parameterValue>
        </command:parameter>
        <command:parameter required="false" variableLength="true" globbing="false" pipelineInput="false" position="named">
          <maml:name>Confirm</maml:name>
          <maml:description>
            <maml:para>Prompts you for confirmation before running the cmdlet.</maml:para>
          </maml:description>
        </command:parameter>
        <command:parameter required="false" variableLength="true" globbing="false" pipelineInput="false" position="named">
          <maml:name>WhatIf</maml:name>
          <maml:description>
            <maml:para>Shows what would happen if the cmdlet runs. The cmdlet is not run.</maml:para>
          </maml:description>
        </command:parameter>
      </command:syntaxItem>
      <command:syntaxItem>
        <maml:name>Set-AssignedAccess</maml:name>
        <command:parameter required="true" variableLength="false" globbing="true" pipelineInput="false" position="named" aliases="">
          <maml:name>AppName</maml:name>
          <maml:description>
            <maml:para>Specifies the name of the installed Windows Store app to use for assigned access. Wildcard characters are accepted.</maml:para>
          </maml:description>
          <command:parameterValue required="true" variableLength="false">String</command:parameterValue>
        </command:parameter>
        <command:parameter required="true" variableLength="false" globbing="false" pipelineInput="false" position="named" aliases="">
          <maml:name>UserSID</maml:name>
          <maml:description>
            <maml:para>Specifies the security identifier (SID) for the local user account to use for assigned access. This account cannot be a domain account or an administrator account.
</maml:para>
          </maml:description>
          <command:parameterValue required="true" variableLength="false">String</command:parameterValue>
        </command:parameter>
        <command:parameter required="false" variableLength="true" globbing="false" pipelineInput="false" position="named">
          <maml:name>Confirm</maml:name>
          <maml:description>
            <maml:para>Prompts you for confirmation before running the cmdlet.</maml:para>
          </maml:description>
        </command:parameter>
        <command:parameter required="false" variableLength="true" globbing="false" pipelineInput="false" position="named">
          <maml:name>WhatIf</maml:name>
          <maml:description>
            <maml:para>Shows what would happen if the cmdlet runs. The cmdlet is not run.</maml:para>
          </maml:description>
        </command:parameter>
      </command:syntaxItem>
      <command:syntaxItem>
        <maml:name>Set-AssignedAccess</maml:name>
        <command:parameter required="true" variableLength="false" globbing="false" pipelineInput="false" position="named" aliases="AUMID">
          <maml:name>AppUserModelId</maml:name>
          <maml:description>
            <maml:para>Specifies the Application User Model ID (AppUserModelID) for the installed Windows Store app to use for assigned access. The AppUserModelID is found in the app's AUMIDs.txt file.</maml:para>
          </maml:description>
          <command:parameterValue required="true" variableLength="false">String</command:parameterValue>
        </command:parameter>
        <command:parameter required="true" variableLength="false" globbing="false" pipelineInput="false" position="named" aliases="">
          <maml:name>UserName</maml:name>
          <maml:description>
            <maml:para>Specifies the local user account name to use for assigned access. This cannot be a domain account or an administrator account. </maml:para>
          </maml:description>
          <command:parameterValue required="true" variableLength="false">String</command:parameterValue>
        </command:parameter>
        <command:parameter required="false" variableLength="true" globbing="false" pipelineInput="false" position="named">
          <maml:name>Confirm</maml:name>
          <maml:description>
            <maml:para>Prompts you for confirmation before running the cmdlet.</maml:para>
          </maml:description>
        </command:parameter>
        <command:parameter required="false" variableLength="true" globbing="false" pipelineInput="false" position="named">
          <maml:name>WhatIf</maml:name>
          <maml:description>
            <maml:para>Shows what would happen if the cmdlet runs. The cmdlet is not run.</maml:para>
          </maml:description>
        </command:parameter>
      </command:syntaxItem>
      <command:syntaxItem>
        <maml:name>Set-AssignedAccess</maml:name>
        <command:parameter required="true" variableLength="false" globbing="false" pipelineInput="false" position="named" aliases="AUMID">
          <maml:name>AppUserModelId</maml:name>
          <maml:description>
            <maml:para>Specifies the Application User Model ID (AppUserModelID) for the installed Windows Store app to use for assigned access. The AppUserModelID is found in the app's AUMIDs.txt file.</maml:para>
          </maml:description>
          <command:parameterValue required="true" variableLength="false">String</command:parameterValue>
        </command:parameter>
        <command:parameter required="true" variableLength="false" globbing="false" pipelineInput="false" position="named" aliases="">
          <maml:name>UserSID</maml:name>
          <maml:description>
            <maml:para>Specifies the security identifier (SID) for the local user account to use for assigned access. This account cannot be a domain account or an administrator account.
</maml:para>
          </maml:description>
          <command:parameterValue required="true" variableLength="false">String</command:parameterValue>
        </command:parameter>
        <command:parameter required="false" variableLength="true" globbing="false" pipelineInput="false" position="named">
          <maml:name>Confirm</maml:name>
          <maml:description>
            <maml:para>Prompts you for confirmation before running the cmdlet.</maml:para>
          </maml:description>
        </command:parameter>
        <command:parameter required="false" variableLength="true" globbing="false" pipelineInput="false" position="named">
          <maml:name>WhatIf</maml:name>
          <maml:description>
            <maml:para>Shows what would happen if the cmdlet runs. The cmdlet is not run.</maml:para>
          </maml:description>
        </command:parameter>
      </command:syntaxItem>
    </command:syntax>
    <command:parameters>
      <command:parameter required="true" variableLength="false" globbing="true" pipelineInput="false" position="named" aliases="">
        <maml:name>AppName</maml:name>
        <maml:description>
          <maml:para>Specifies the name of the installed Windows Store app to use for assigned access. Wildcard characters are accepted.</maml:para>
        </maml:description>
        <command:parameterValue required="true" variableLength="false">String</command:parameterValue>
        <dev:type>
          <maml:name>String</maml:name>
          <maml:uri />
        </dev:type>
        <dev:defaultValue>
        </dev:defaultValue>
      </command:parameter>
      <command:parameter required="true" variableLength="false" globbing="false" pipelineInput="false" position="named" aliases="AUMID">
        <maml:name>AppUserModelId</maml:name>
        <maml:description>
          <maml:para>Specifies the Application User Model ID (AppUserModelID) for the installed Windows Store app to use for assigned access. The AppUserModelID is found in the app's AUMIDs.txt file.</maml:para>
        </maml:description>
        <command:parameterValue required="true" variableLength="false">String</command:parameterValue>
        <dev:type>
          <maml:name>String</maml:name>
          <maml:uri />
        </dev:type>
        <dev:defaultValue>
        </dev:defaultValue>
      </command:parameter>
      <command:parameter required="true" variableLength="false" globbing="false" pipelineInput="false" position="named" aliases="">
        <maml:name>UserName</maml:name>
        <maml:description>
          <maml:para>Specifies the local user account name to use for assigned access. This cannot be a domain account or an administrator account. </maml:para>
        </maml:description>
        <command:parameterValue required="true" variableLength="false">String</command:parameterValue>
        <dev:type>
          <maml:name>String</maml:name>
          <maml:uri />
        </dev:type>
        <dev:defaultValue>
        </dev:defaultValue>
      </command:parameter>
      <command:parameter required="true" variableLength="false" globbing="false" pipelineInput="false" position="named" aliases="">
        <maml:name>UserSID</maml:name>
        <maml:description>
          <maml:para>Specifies the security identifier (SID) for the local user account to use for assigned access. This account cannot be a domain account or an administrator account.
</maml:para>
        </maml:description>
        <command:parameterValue required="true" variableLength="false">String</command:parameterValue>
        <dev:type>
          <maml:name>String</maml:name>
          <maml:uri />
        </dev:type>
        <dev:defaultValue>
        </dev:defaultValue>
      </command:parameter>
      <command:parameter required="false" variableLength="true" globbing="false" pipelineInput="false" position="named">
        <maml:name>Confirm</maml:name>
        <maml:description>
          <maml:para>Prompts you for confirmation before running the cmdlet.</maml:para>
        </maml:description>
        <command:parameterValue required="false" variableLength="false">SwitchParameter</command:parameterValue>
        <dev:type>
          <maml:name>SwitchParameter</maml:name>
          <maml:uri />
        </dev:type>
        <dev:defaultValue>false</dev:defaultValue>
      </command:parameter>
      <command:parameter required="false" variableLength="true" globbing="false" pipelineInput="false" position="named">
        <maml:name>WhatIf</maml:name>
        <maml:description>
          <maml:para>Shows what would happen if the cmdlet runs. The cmdlet is not run.</maml:para>
        </maml:description>
        <command:parameterValue required="false" variableLength="false">SwitchParameter</command:parameterValue>
        <dev:type>
          <maml:name>SwitchParameter</maml:name>
          <maml:uri />
        </dev:type>
        <dev:defaultValue>false</dev:defaultValue>
      </command:parameter>
    </command:parameters>
    <command:inputTypes>
      <command:inputType>
        <dev:type>
          <maml:name>None.</maml:name>
          <maml:uri>
          </maml:uri>
          <maml:description>
            <maml:para />
          </maml:description>
        </dev:type>
        <maml:description>
          <maml:para>You cannot pipe input to this cmdlet.</maml:para>
        </maml:description>
      </command:inputType>
    </command:inputTypes>
    <command:returnValues>
      <command:returnValue>
        <dev:type>
          <maml:name>System.Object</maml:name>
          <maml:uri>
          </maml:uri>
          <maml:description>
            <maml:para />
          </maml:description>
        </dev:type>
        <maml:description>
        </maml:description>
      </command:returnValue>
    </command:returnValues>
    <command:terminatingErrors />
    <command:nonTerminatingErrors />
    <maml:alertSet>
      <maml:title />
      <maml:alert>
        <maml:para>To get a list of all the Windows Store apps installed for a user account, use the Get-AppxPackage cmdlet as follows:

Get-AppxPackage -User username</maml:para>
      </maml:alert>
    </maml:alertSet>
    <command:examples>
      <command:example>
        <maml:title>EXAMPLE 1</maml:title>
        <maml:introduction>
          <maml:para>
          </maml:para>
        </maml:introduction>
        <dev:code>PS C:\&gt; Set-AssignedAccess -UserSID S-1-5-21-523423449-2432423479-234123443-1004 -AppName CustomApp
</dev:code>
        <dev:remarks>
          <maml:para>This example shows how to configure assigned access by using the user SID and the app name.</maml:para>
        </dev:remarks>
        <command:commandLines>
          <command:commandLine>
            <command:commandText />
          </command:commandLine>
        </command:commandLines>
      </command:example>
      <command:example>
        <maml:title>EXAMPLE 2</maml:title>
        <maml:introduction>
          <maml:para>
          </maml:para>
        </maml:introduction>
        <dev:code>PS C:\&gt; Set-AssignedAccess -UserName UserName -AUMID microsoft.windowsphotos_8wekyb3d8bbwe!app
</dev:code>
        <dev:remarks>
          <maml:para>This example shows how to configure assigned access by using the user name and AppUserModelID.
</maml:para>
        </dev:remarks>
        <command:commandLines>
          <command:commandLine>
            <command:commandText />
          </command:commandLine>
        </command:commandLines>
      </command:example>
    </command:examples>
    <maml:relatedLinks>
      <maml:navigationLink>
        <maml:linkText>Online Version:</maml:linkText>
        <maml:uri>http://go.microsoft.com/fwlink/?linkid=286448</maml:uri>
      </maml:navigationLink>
      <maml:navigationLink>
        <maml:linkText>Get-AssignedAccess</maml:linkText>
        <maml:uri />
      </maml:navigationLink>
      <maml:navigationLink>
        <maml:linkText>Clear-AssignedAccess</maml:linkText>
        <maml:uri />
      </maml:navigationLink>
    </maml:relatedLinks>
  </command:command>
</helpItems>