{"options":{"check_for_updates":true,"comment":null,"compatopts_for_requires":true,"compat_wrappedjsobject":false,"compat_metadata":false,"compat_foreach":false,"compat_arrayleft":false,"compat_uW_gmonkey":false,"compat_forvarin":false,"noframes":null,"awareOfChrome":false,"run_at":null,"override":{"use_includes":[],"orig_includes":["https://twitter.com/*","http://twitter.com/*","http://*.twitter.com/*","https://*.twitter.com/*"],"merge_includes":true,"use_matches":[],"orig_matches":[],"merge_matches":true,"use_excludes":[],"orig_excludes":[],"merge_excludes":true,"use_connects":[],"merge_connects":true,"use_blockers":[],"orig_run_at":"document-idle","orig_noframes":null,"orig_connects":[]}},"settings":{"enabled":false,"position":19},"meta":{"name":"TweetDeckSlideHeader","uuid":"4e6608ff-d674-4177-869c-bbc92054c392","modified":1569952209460,"file_url":"https://danamw.github.io/jscripts/scripts/TweetDeckSlideHeader.user.js"}}