{"options":{"check_for_updates":true,"comment":null,"compatopts_for_requires":true,"compat_wrappedjsobject":false,"compat_metadata":false,"compat_foreach":false,"compat_prototypes":false,"compat_powerful_this":null,"noframes":null,"unwrap":null,"run_at":null,"tab_types":null,"override":{"use_includes":[],"orig_includes":[],"merge_includes":true,"use_matches":[],"orig_matches":["https://www.youtube.com/*"],"merge_matches":true,"use_excludes":[],"orig_excludes":[],"merge_excludes":true,"use_connects":[],"orig_connects":["googuu.xyz","loader.to","oceansaver.in"],"merge_connects":true,"use_blockers":[],"orig_run_at":"document-idle","orig_noframes":null}},"settings":{"enabled":true,"position":12},"meta":{"name":"YouTube™ Video Downloader v15 [MP3,4K,WEBM,WAV,MP4,AAC,AndMore] NO ADS ✔️ ONE PAGE ✔️ 2021 UPDATE ✔️","uuid":"614c56aa-c2ab-430a-80fb-4facf5f0ae49","modified":1641737300609,"file_url":"https://greasyfork.org/scripts/432045-youtube-video-downloader-v15-mp3-4k-webm-wav-mp4-aac-andmore-no-ads-one-page-2021-update/code/YouTube%E2%84%A2%20Video%20Downloader%20v15%20%5BMP3,4K,WEBM,WAV,MP4,AAC,AndMore%5D%20NO%20ADS%20%E2%9C%94%EF%B8%8F%20ONE%20PAGE%20%E2%9C%94%EF%B8%8F%202021%20UPDATE%20%E2%9C%94%EF%B8%8F.user.js"}}