{"options":{"check_for_updates":true,"comment":null,"compatopts_for_requires":true,"compat_wrappedjsobject":false,"compat_metadata":false,"compat_foreach":false,"compat_powerful_this":null,"sandbox":null,"noframes":null,"unwrap":null,"run_at":null,"tab_types":null,"override":{"use_includes":[],"orig_includes":["/https?://discordapp\\.com/channels/*/"],"merge_includes":true,"use_matches":[],"orig_matches":[],"merge_matches":true,"use_excludes":[],"orig_excludes":[],"merge_excludes":true,"use_connects":[],"orig_connects":[],"merge_connects":true,"use_blockers":[],"orig_run_at":"document-idle","orig_noframes":null},"user_modified":null},"settings":{"enabled":false,"position":5},"meta":{"name":"MutationInformation","uuid":"f1c1e149-b596-43c0-9709-6d72f5ac9636","modified":1658831531073,"file_url":"https://danamw.github.io/jscripts/scripts/MutationInformation.user.js"}}