{"options":{"check_for_updates":true,"comment":null,"compatopts_for_requires":true,"compat_wrappedjsobject":false,"compat_metadata":false,"compat_foreach":false,"compat_arrayleft":false,"compat_uW_gmonkey":false,"compat_forvarin":false,"noframes":null,"awareOfChrome":false,"run_at":null,"override":{"use_includes":[],"orig_includes":["/https?://discordapp\\.com/channels/*/","/https?://discord\\.com/channels/*/"],"merge_includes":true,"use_matches":[],"orig_matches":[],"merge_matches":true,"use_excludes":[],"orig_excludes":[],"merge_excludes":true,"use_connects":[],"merge_connects":true,"use_blockers":[],"orig_run_at":"document-idle","orig_noframes":null,"orig_connects":[]}},"settings":{"enabled":true,"position":7},"meta":{"name":"Discord Slide Guilds","uuid":"a82f5afe-3c15-4f64-a2e2-52d0f829aedc","modified":1588684875685,"file_url":"https://raw.githubusercontent.com/danamw/discordweb/master/DiscordSlideGuilds.user.js"}}